global_step,wall_time_s,ep_return_mean,ep_return_std,policy_loss,value_loss,entropy,approx_kl,eval_return_mean,eval_return_std,mean_k,attn_entropy,lagrange_lambda
4000,3.4939956665039062,-227.51331853866577,41.118327721260975,-0.00040409224093309606,201.78475646972657,1.5970902562141418,0.00033646502652118215,,,2.0,,
8000,6.386891841888428,-219.30328965187073,43.088713571105245,-0.0014826027647359297,194.07412567138672,1.5832699298858643,0.000986358628142625,,,2.0,,
12000,9.320948362350464,-222.17456674575806,44.55104934656255,-0.0003777780992095359,169.3928024291992,1.574516975879669,0.0008643084380310029,,,2.0,,
16000,12.254031419754028,-223.15029764175415,49.12487318726976,-0.0012138641162891873,127.11440582275391,1.567288589477539,0.000871483504306525,,,2.0,,
20000,15.172091245651245,-215.56435465812683,36.841465996747885,-0.000733824629423907,97.02282104492187,1.5601381421089173,0.0010279810085194185,,,2.0,,
24000,18.065457820892334,-210.64156222343445,40.691220257562186,-0.0015264845118508675,77.61771087646484,1.5466401696205139,0.00014577546826330945,,,2.0,,
28000,20.996346950531006,-210.17753386497498,33.307360224085755,-0.0009613137299311347,70.34203872680663,1.5467291593551635,0.0014588786754757166,,,2.0,,
32000,23.829750776290894,-220.0749533176422,37.50808853738434,-0.00072562866989756,75.30597686767578,1.5425066828727723,0.0020894120563752948,,,2.0,,
36000,26.686184883117676,-208.18970799446106,34.3959397878304,-0.0013313067698618396,77.17525253295898,1.5134301662445069,0.0019953641458414495,,,2.0,,
40000,29.548075199127197,-218.38294756412506,43.14607102518627,-0.0023798285743396263,68.3477798461914,1.4932178854942322,0.003027309384196997,,,2.0,,
44000,33.50591969490051,-212.294331073761,34.121229003192525,-0.0014117158367298543,67.30301361083984,1.511794638633728,0.0013998006412293761,-244.5147610604763,38.54174211349175,2.0,,
48000,36.381109952926636,-216.04701828956604,30.68772828417238,-0.0006562143491464667,48.711486434936525,1.5191669583320617,0.0028499498730525374,-244.5147610604763,38.54174211349175,2.0,,
52000,39.253798484802246,-218.40905737876892,32.58503600769922,-0.0013263825851026923,50.524153518676755,1.486878514289856,0.0012232727487571538,-244.5147610604763,38.54174211349175,2.0,,
56000,42.12598776817322,-226.29087567329407,42.930731644067755,-0.0003277377378253732,53.47523918151855,1.4816569209098815,0.001995775935938582,-244.5147610604763,38.54174211349175,2.0,,
60000,44.9734673500061,-225.27763509750366,36.41348455972331,0.00013798570726066827,39.5655439376831,1.476238191127777,0.0013155493041267618,-244.5147610604763,38.54174211349175,2.0,,
64000,47.85246777534485,-222.4534374475479,36.630962639218964,-0.0014686577895190566,49.306504821777345,1.4759516954421996,0.0028015176649205387,-244.5147610604763,38.54174211349175,2.0,,
68000,50.724844455718994,-234.89407801628113,51.68465599867274,-0.0019998581934487446,49.16736259460449,1.469438910484314,0.0022075727058108894,-244.5147610604763,38.54174211349175,2.0,,
72000,53.60061693191528,-237.1030089855194,42.60619800390366,-0.0011964098055614158,39.272817611694336,1.4119358658790588,0.0027952806325629354,-244.5147610604763,38.54174211349175,2.0,,
76000,56.43993306159973,-237.9210467338562,47.42392693617252,-0.00019853225821861998,30.45441246032715,1.3730738162994385,0.0021083105879370124,-244.5147610604763,38.54174211349175,2.0,,
80000,59.31597900390625,-236.07619380950928,38.864797286831156,-0.0013438410809612834,30.52511692047119,1.3677776217460633,0.0026962265255860984,-244.5147610604763,38.54174211349175,2.0,,
84000,63.2749879360199,-251.37894582748413,59.66024057120194,8.935759778978536e-05,42.48699474334717,1.3180010318756104,0.0009552150248055113,-327.8969712406397,105.48382198904164,2.0,,
88000,66.13753390312195,-241.56751894950867,53.927587931715045,-0.0011837459314847365,40.075229454040525,1.320127022266388,0.0020569324493408202,-327.8969712406397,105.48382198904164,2.0,,
92000,68.99966216087341,-256.8954894542694,53.62031611841657,-0.001216746508725919,37.0736608505249,1.29862984418869,0.0012442647232091986,-327.8969712406397,105.48382198904164,2.0,,
96000,71.85521912574768,-253.44707202911377,53.572703645518786,-0.0007468859766959213,46.30641593933105,1.308018934726715,0.0012561933748656885,-327.8969712406397,105.48382198904164,2.0,,
100000,74.71737217903137,-238.85992622375488,44.79618172738271,0.0008710184396477416,34.41447448730469,1.3373233795166015,0.0025572290527634324,-327.8969712406397,105.48382198904164,2.0,,
104000,77.58133149147034,-230.62232398986816,46.4014167584343,-0.0006608326904824935,47.92944869995117,1.4025177717208863,0.0005201273175771348,-327.8969712406397,105.48382198904164,2.0,,
108000,80.44286155700684,-225.0005464553833,38.754177157189524,-0.0007681177783524617,47.64689140319824,1.3964900612831115,0.002952874230686575,-327.8969712406397,105.48382198904164,2.0,,
112000,83.31092023849487,-223.32340121269226,37.9720491049024,-0.0008279681278509088,45.52449340820313,1.3442160725593566,0.0009480803913902491,-327.8969712406397,105.48382198904164,2.0,,
116000,86.15249395370483,-222.26323437690735,36.69872549994618,-0.0008538398978998885,29.2128044128418,1.3085025668144226,0.0026391897758003325,-327.8969712406397,105.48382198904164,2.0,,
120000,89.01458382606506,-237.40397548675537,49.14693162027868,9.566699736751616e-06,44.87862205505371,1.3904145956039429,0.0026801437605172397,-327.8969712406397,105.48382198904164,2.0,,
124000,92.93724536895752,-235.88112902641296,43.09322586836561,-0.0005586315957771149,35.55125770568848,1.4040337324142456,0.0020192726689856498,-285.75196962058544,74.29386760791681,2.0,,
128000,95.80829930305481,-241.94206428527832,45.08704735039228,-0.0010692955314880238,43.14890899658203,1.3750980734825133,0.0019326327310409397,-285.75196962058544,74.29386760791681,2.0,,
132000,98.66676139831543,-227.95204639434814,48.47561548518983,-0.0015917745040496811,45.69156188964844,1.440982174873352,0.002248892665375024,-285.75196962058544,74.29386760791681,2.0,,
136000,101.53010129928589,-242.87739539146423,41.36380062202482,-0.0010122172971023247,36.860080337524415,1.419282615184784,0.0014944207796361297,-285.75196962058544,74.29386760791681,2.0,,
140000,104.3880615234375,-238.87568068504333,43.46657088271091,-0.0016906313685467467,36.73563442230225,1.4194592118263245,0.0037699974374845622,-285.75196962058544,74.29386760791681,2.0,,
144000,107.25253486633301,-225.74350094795227,39.24513325880631,-0.00164480863022618,34.49196987152099,1.4291787028312684,0.0032937313546426593,-285.75196962058544,74.29386760791681,2.0,,
148000,110.11523675918579,-228.58032822608948,37.829964030363094,-0.0015278275452146773,37.360647201538086,1.4168807506561278,0.0019323331216583028,-285.75196962058544,74.29386760791681,2.0,,
152000,112.97450876235962,-233.22363448143005,39.96883811907474,-0.001958029176603304,32.46250400543213,1.3782257199287415,0.0016320635884767398,-285.75196962058544,74.29386760791681,2.0,,
156000,115.83275437355042,-244.21932578086853,48.71025790761513,-0.0014672930003143847,49.814720916748044,1.4110876202583313,0.002097107650479302,-285.75196962058544,74.29386760791681,2.0,,
160000,118.6962411403656,-226.84532403945923,36.528325681624835,-0.002514594019157812,41.87937278747559,1.4465484142303466,0.004131886863615364,-285.75196962058544,74.29386760791681,2.0,,
164000,122.64184784889221,-218.48479199409485,43.094632604262024,-0.000744847665191628,42.851507568359374,1.4348766088485718,0.0010485553750186228,-263.6757355630398,47.30469919289216,2.0,,
168000,125.51078581809998,-237.22577047348022,44.42367273495962,-0.0008823644064250402,38.534956550598146,1.4145974159240722,0.0010687428235542028,-263.6757355630398,47.30469919289216,2.0,,
172000,128.37078833580017,-261.4457678794861,52.47464120080248,-0.0007179849315434694,50.40174331665039,1.4353293418884276,0.0017296457845077384,-263.6757355630398,47.30469919289216,2.0,,
176000,131.22481608390808,-246.03285217285156,56.72231037295139,-0.0005704309922293759,39.23226070404053,1.3429410338401795,0.0006686983138934011,-263.6757355630398,47.30469919289216,2.0,,
180000,134.08507800102234,-258.69547510147095,47.077175991704074,-0.0007977367087733001,38.59004135131836,1.3230740666389464,0.0016192510374821723,-263.6757355630398,47.30469919289216,2.0,,
184000,136.94947743415833,-256.65408396720886,60.19102740121337,-0.0004165307342191227,58.25415725708008,1.3465973258018493,0.0016746695153415203,-263.6757355630398,47.30469919289216,2.0,,
188000,139.82111167907715,-234.7161386013031,40.637902035330896,-0.0023400519916322083,33.8633695602417,1.3792635083198548,0.0018818028169334867,-263.6757355630398,47.30469919289216,2.0,,
192000,142.6815640926361,-228.36048793792725,42.59071222078375,-0.001759933598805219,48.02023277282715,1.4094767451286316,0.002098730724537745,-263.6757355630398,47.30469919289216,2.0,,
196000,145.54611086845398,-235.77006006240845,37.82173855059729,-0.0017541697321576065,35.780212593078616,1.3855065703392029,0.002239955897675827,-263.6757355630398,47.30469919289216,2.0,,
200000,148.40456652641296,-219.6692202091217,38.20869249993073,-0.0024456842031213453,32.63478298187256,1.3954469203948974,0.004182141309138387,-263.6757355630398,47.30469919289216,2.0,,
204000,152.35847449302673,-222.87383890151978,38.61285039665605,-0.002283220006211195,29.33402900695801,1.3614669919013977,0.004025377548532561,-244.61237996816635,49.33975064565291,2.0,,
208000,155.22769689559937,-230.31591653823853,41.97286319501501,-0.0011565733351744712,36.68314628601074,1.3912675738334657,0.0013554584846133366,-244.61237996816635,49.33975064565291,2.0,,
212000,158.0887849330902,-223.49260568618774,41.59420910091143,-0.0020625632474548183,26.64950885772705,1.3769742250442505,0.0026354441069997847,-244.61237996816635,49.33975064565291,2.0,,
216000,160.94965171813965,-236.3509602546692,45.6913695619852,-0.0018602917349198832,32.30349502563477,1.3140592455863953,0.0009200275526382029,-244.61237996816635,49.33975064565291,2.0,,
220000,163.82255911827087,-212.21374344825745,43.193542513647536,-0.0013071052613668143,36.23344669342041,1.3848259568214416,0.002288675750605762,-244.61237996816635,49.33975064565291,2.0,,
224000,166.68677234649658,-216.44260668754578,41.57992921756491,-0.0016668668045895173,37.31263465881348,1.3322501540184022,0.002588658494642004,-244.61237996816635,49.33975064565291,2.0,,
228000,169.5560441017151,-217.83695697784424,39.07868332912368,-0.0027674507320625706,32.14340724945068,1.3955814003944398,0.004180116509087384,-244.61237996816635,49.33975064565291,2.0,,
232000,172.42314743995667,-227.4086263179779,43.43735675740739,-0.0013483664683008102,39.702202224731444,1.4002440333366395,0.0032930132700130345,-244.61237996816635,49.33975064565291,2.0,,
236000,175.28298425674438,-209.14612674713135,34.355727704348354,-0.0016585501871304587,35.52799301147461,1.410552942752838,0.0018134416022803634,-244.61237996816635,49.33975064565291,2.0,,
240000,178.14524173736572,-216.11297154426575,33.829236875221675,-0.0022271995214396155,27.38077049255371,1.3932688117027283,0.0013657463365234434,-244.61237996816635,49.33975064565291,2.0,,
244000,182.0993082523346,-231.83293509483337,45.6122362219916,-0.0029166839318349957,36.44781379699707,1.408830738067627,0.0022116460313554853,-217.62301394343376,45.186308751980135,2.0,,
248000,184.97213554382324,-217.64721751213074,34.18446114363217,-0.002200297557283193,34.33490905761719,1.3413682460784913,0.004414820286910981,-217.62301394343376,45.186308751980135,2.0,,
252000,187.83591675758362,-221.97111225128174,39.056451117488166,-0.0016481690952787175,28.158838272094727,1.3457361102104186,0.001183664564450737,-217.62301394343376,45.186308751980135,2.0,,
256000,190.6980938911438,-214.638423204422,36.1058407132722,-0.0015585854998789728,34.92405757904053,1.3044437408447265,0.0024581762234447526,-217.62301394343376,45.186308751980135,2.0,,
260000,193.56328868865967,-213.04301977157593,39.071019861256005,-0.0031780890181835274,35.401307106018066,1.3043580412864686,0.002851179474964738,-217.62301394343376,45.186308751980135,2.0,,
264000,196.42715740203857,-215.9471755027771,42.433333492919935,-0.002742260729428381,29.37092685699463,1.3817229509353637,0.0033626868040300905,-217.62301394343376,45.186308751980135,2.0,,
268000,199.29429936408997,-217.00299048423767,44.67566951346833,-0.0017249297601665604,34.99444046020508,1.3414601683616638,0.004771851445548236,-217.62301394343376,45.186308751980135,2.0,,
272000,202.1755132675171,-206.0653738975525,31.82712755524461,-0.0007263455278007314,27.97447395324707,1.370509684085846,0.003278558680904098,-217.62301394343376,45.186308751980135,2.0,,
276000,205.05813598632812,-207.29704093933105,31.15529409628971,-0.0020895286288578063,29.63922863006592,1.345294177532196,0.0022154092264827343,-217.62301394343376,45.186308751980135,2.0,,
280000,207.93501472473145,-212.56233167648315,36.89997337054749,-0.002955691106035374,29.036400413513185,1.3366538643836976,0.0029168191766075326,-217.62301394343376,45.186308751980135,2.0,,
284000,211.9065170288086,-208.04642844200134,30.914372358732685,-0.002234020916512236,24.583635330200195,1.3019410848617554,0.0020142701643635517,-213.5360880047083,45.33411555585448,2.0,,
288000,214.78850269317627,-211.8982231616974,40.86488635059293,-0.0027092708798591046,33.204153060913086,1.257253634929657,0.0032873439660761504,-213.5360880047083,45.33411555585448,2.0,,
292000,217.66621017456055,-209.1863009929657,30.149032291133302,-0.002550809059175663,28.777210426330566,1.3103683352470399,0.0017197503329953179,-213.5360880047083,45.33411555585448,2.0,,
296000,220.54440259933472,-230.44708156585693,46.38017172689538,-0.0021415924505163277,29.570930671691894,1.2748586893081666,0.002275834674946964,-213.5360880047083,45.33411555585448,2.0,,
300000,223.43200707435608,-228.57477402687073,43.44518716734572,-0.0011702687421347945,22.945646476745605,1.242493498325348,0.0019565008347854017,-213.5360880047083,45.33411555585448,2.0,,
304000,226.31991815567017,-223.34550380706787,37.60871639918988,-0.0018037716101389379,20.504836559295654,1.2398856639862061,0.0034723118878901005,-213.5360880047083,45.33411555585448,2.0,,
308000,229.20505714416504,-232.6370723247528,38.863078963515925,-0.0028348019695840776,19.327686023712157,1.2079204320907593,0.003697870799805969,-213.5360880047083,45.33411555585448,2.0,,
312000,232.09071230888367,-229.09732174873352,39.76189587138722,-0.0008403294312302023,26.249399185180664,1.1999199986457825,0.0031906014191918075,-213.5360880047083,45.33411555585448,2.0,,
316000,234.97063875198364,-229.9631769657135,42.37492335217446,-0.0016018733171222267,21.23862476348877,1.1797375798225402,0.002510336000705138,-213.5360880047083,45.33411555585448,2.0,,
320000,237.845116853714,-234.12092995643616,39.8665543764833,-0.0011721765389665962,27.863825416564943,1.155171811580658,0.002252458845032379,-213.5360880047083,45.33411555585448,2.0,,
324000,241.84273386001587,-230.21031761169434,43.45095039245602,-0.001917197861621389,30.188225936889648,1.1455416679382324,0.0035510309389792383,-252.94947369396687,40.304030179699346,2.0,,
328000,244.73465299606323,-215.16267728805542,31.161826802057163,-0.0010611130041070283,19.00822582244873,1.1603080868721007,0.001071810588473454,-252.94947369396687,40.304030179699346,2.0,,
332000,247.63314867019653,-225.94011783599854,42.72347437668622,-0.001978840644005686,20.79562301635742,1.1354469299316405,0.003867096116300672,-252.94947369396687,40.304030179699346,2.0,,
336000,250.51461338996887,-230.59856605529785,40.914364529947164,-0.0015409919680678286,17.213510036468506,1.0961095333099364,0.0027811495834612287,-252.94947369396687,40.304030179699346,2.0,,
340000,253.3918776512146,-225.20538640022278,39.04977920990165,-0.0020335643843282015,14.48803882598877,1.1123206853866576,0.0018027046899078414,-252.94947369396687,40.304030179699346,2.0,,
344000,256.2661144733429,-224.65667629241943,36.17232834975257,-0.001960129616782069,22.41231002807617,1.09803249835968,0.001585895819880534,-252.94947369396687,40.304030179699346,2.0,,
348000,259.14189624786377,-226.99990344047546,41.382409538911865,-0.0007836581324227154,25.74628257751465,1.1072569012641906,0.0009469980934227352,-252.94947369396687,40.304030179699346,2.0,,
352000,262.0289046764374,-220.61286842823029,39.18704118799641,-0.0019453407974651781,24.398795127868652,1.0942596673965455,0.001760774909052998,-252.94947369396687,40.304030179699346,2.0,,
356000,264.87979531288147,-214.877703666687,31.25664718861118,-0.001628352878469741,16.741333484649658,1.050750982761383,0.000983684923266992,-252.94947369396687,40.304030179699346,2.0,,
360000,267.7492699623108,-212.92131900787354,30.929715521295577,-0.003476332419086248,17.703634357452394,1.0836372256278992,0.0011210998287424444,-252.94947369396687,40.304030179699346,2.0,,
364000,271.7361629009247,-219.4334216117859,31.910849422897332,-0.004024375235894695,16.970165061950684,1.0361195802688599,0.0037048933620098977,-225.9731719121337,36.83925032593298,2.0,,
368000,274.61940908432007,-229.76105308532715,42.42684615033946,-0.0014704723696922883,22.89170570373535,0.9830671370029449,0.003593904690933414,-225.9731719121337,36.83925032593298,2.0,,
372000,277.4938271045685,-217.95831274986267,34.53606834762717,-0.0033054245963285212,18.053605842590333,1.0718911647796632,0.002434420649660751,-225.9731719121337,36.83925032593298,2.0,,
376000,280.3660695552826,-223.82354545593262,39.33506315134223,-0.0020182388521789107,25.880809020996093,1.084549355506897,0.0019782991905231027,-225.9731719121337,36.83925032593298,2.0,,
380000,283.23109912872314,-224.19507145881653,39.67284644576454,-0.0027540075629076456,19.356853008270264,1.0453770875930786,0.0020002039236715063,-225.9731719121337,36.83925032593298,2.0,,
384000,286.095308303833,-219.94530940055847,43.25314075177815,-0.0020320228883065282,17.110683727264405,1.0382964253425597,0.004430656397016719,-225.9731719121337,36.83925032593298,2.0,,
388000,288.9569606781006,-217.8035513162613,40.24109664642858,-0.0019813704799162223,20.691403961181642,1.063429582118988,0.0022232232033275066,-225.9731719121337,36.83925032593298,2.0,,
392000,291.81580901145935,-220.60214948654175,37.13328208621728,-0.0034984640951734036,20.745242881774903,1.029950487613678,0.003275523032061756,-225.9731719121337,36.83925032593298,2.0,,
396000,294.67875814437866,-210.20125436782837,38.09837063297191,-0.0027561806462472306,25.280485153198242,1.0391042828559875,0.0030931292800232767,-225.9731719121337,36.83925032593298,2.0,,
400000,297.5469615459442,-210.62768411636353,36.92770871699797,-0.0020063029158336578,17.631913471221925,0.9845039367675781,0.001932507351739332,-225.9731719121337,36.83925032593298,2.0,,
404000,301.5378406047821,-203.91198301315308,32.60698434205628,-0.001663483030279167,19.890969848632814,0.9743632495403289,0.002208104258170351,-234.36022777110338,48.699636703656694,2.0,,
408000,304.4028322696686,-209.52930164337158,42.4951454140652,-0.0020131199999013916,34.75633563995361,0.9788487672805786,0.0024155714840162546,-234.36022777110338,48.699636703656694,2.0,,
412000,307.2751295566559,-209.33074736595154,37.24920707490247,-0.002518796769436449,23.206360054016113,0.9399579167366028,0.004154293122701347,-234.36022777110338,48.699636703656694,2.0,,
416000,310.1452612876892,-217.65249133110046,34.97194481345237,-0.0017842921180999838,19.131132316589355,0.925416749715805,0.003010842198273167,-234.36022777110338,48.699636703656694,2.0,,
420000,313.0101828575134,-209.7331199645996,38.50940582928561,-0.0020568353895214385,24.906560707092286,0.9755288243293763,0.002787268307292834,-234.36022777110338,48.699636703656694,2.0,,
424000,315.88231468200684,-212.81409096717834,35.542581233845524,-0.002115867422253359,15.817099952697754,0.9207671165466309,0.0013534652687667403,-234.36022777110338,48.699636703656694,2.0,,
428000,318.7652175426483,-219.0970709323883,32.97664105281916,-0.0030561307481548282,20.840947914123536,0.954053384065628,0.0022696567044476978,-234.36022777110338,48.699636703656694,2.0,,
432000,321.6474611759186,-217.30338430404663,39.91568146147879,-0.0020899483730318024,18.570344352722167,0.8924183368682861,0.002204840842205158,-234.36022777110338,48.699636703656694,2.0,,
436000,324.5325882434845,-216.0728268623352,37.685317654587124,-0.0016803763188363518,14.742992115020751,0.8351372063159943,0.0008886174444342032,-234.36022777110338,48.699636703656694,2.0,,
440000,327.41849851608276,-217.46575498580933,36.21813419389807,-0.0026285657746484502,17.56096296310425,0.8921643853187561,0.003463658009422943,-234.36022777110338,48.699636703656694,2.0,,
444000,331.4051516056061,-205.49841499328613,35.528812397481715,-0.0052867491001961755,13.319402885437011,0.9377295017242432,0.004482010542415082,-220.70898658782244,36.94323967113909,2.0,,
448000,334.2551124095917,-217.55378651618958,30.61903810895739,-0.002704540849663317,18.450747680664062,0.94796342253685,0.004176419082796201,-220.70898658782244,36.94323967113909,2.0,,
452000,337.13517928123474,-204.71026849746704,28.712883882408022,-0.0024509117698471527,14.450681972503663,0.9871695637702942,0.0010102161555550992,-220.70898658782244,36.94323967113909,2.0,,
456000,340.0236442089081,-211.13972425460815,34.85417575363743,-0.002885163175233174,11.082355165481568,0.9241319119930267,0.0030035320363822394,-220.70898658782244,36.94323967113909,2.0,,
460000,342.9010446071625,-203.7499623298645,32.441729166985624,-0.002321560122072697,16.090990924835204,0.9189104318618775,0.00275643162894994,-220.70898658782244,36.94323967113909,2.0,,
464000,345.7793753147125,-207.15714859962463,42.31698651593934,-0.0026846085209399463,17.65303030014038,0.8940759479999543,0.0019810910706382855,-220.70898658782244,36.94323967113909,2.0,,
468000,348.6554682254791,-207.84596991539001,38.18950465009971,-0.001645263512909878,21.647594451904297,0.8769565165042877,0.0016431666968856006,-220.70898658782244,36.94323967113909,2.0,,
472000,351.52964758872986,-209.22459077835083,38.60050847761637,-0.00404140634345822,16.705102729797364,0.8397684633731842,0.0038109587971121074,-220.70898658782244,36.94323967113909,2.0,,
476000,354.35559916496277,-208.29179191589355,33.84516222976535,-0.0018810185370966791,16.78465337753296,0.7900265336036683,0.0032060560246463866,-220.70898658782244,36.94323967113909,2.0,,
480000,357.231027841568,-199.5693714618683,31.49964576440347,-0.001126117797321058,16.06190776824951,0.7878516733646392,0.0012761966863763519,-220.70898658782244,36.94323967113909,2.0,,
484000,361.1982502937317,-204.03244423866272,28.53602858623499,-0.0023114118484954815,21.158183288574218,0.7710857808589935,0.0019372451381059364,-217.98337849974632,34.73508495185584,2.0,,
488000,364.07538533210754,-200.48857808113098,34.19777356718773,-0.0021493416948942467,14.152633476257325,0.838701868057251,0.0014697980252094567,-217.98337849974632,34.73508495185584,2.0,,
492000,366.9500081539154,-200.9980661869049,33.895100903589295,-0.0020358662062790246,15.22448501586914,0.8803594768047333,0.0024453748599626126,-217.98337849974632,34.73508495185584,2.0,,
496000,369.8303692340851,-208.60502743721008,30.215102853528894,-0.0024755153979640456,10.931456565856934,0.8677832365036011,0.001853007280442398,-217.98337849974632,34.73508495185584,2.0,,
500000,372.7027425765991,-201.54044771194458,35.13156777911943,-0.0017385021534209954,13.072550106048585,0.8879166007041931,0.001985461148433387,-217.98337849974632,34.73508495185584,2.0,,
504000,375.58164858818054,-207.816725730896,37.04916116803621,-0.0010691560746636242,21.522530174255373,0.8272746682167054,0.0015915056981611996,-217.98337849974632,34.73508495185584,2.0,,
508000,378.4404926300049,-203.70893144607544,32.156602188195585,-0.0007941199342894834,15.929522895812989,0.8705292224884034,0.0019470130326226353,-217.98337849974632,34.73508495185584,2.0,,
512000,381.2976653575897,-208.41132974624634,30.451852465498533,-0.001913839219196234,12.90950174331665,0.8476364612579346,0.0030541985790478064,-217.98337849974632,34.73508495185584,2.0,,
516000,384.1595962047577,-212.92697262763977,33.806808195117725,-0.0026947503482006143,11.387044715881348,0.8518368303775787,0.001758285949472338,-217.98337849974632,34.73508495185584,2.0,,
520000,387.03640127182007,-210.7738003730774,32.576485606880176,-0.0018939452740596608,15.78638515472412,0.8240097999572754,0.0018957987165777012,-217.98337849974632,34.73508495185584,2.0,,
524000,390.9543414115906,-202.05555975437164,39.051825405231206,-0.002567834122601198,16.374057960510253,0.8507165551185608,0.002475150457757991,-210.3151745274663,27.742976451114185,2.0,,
528000,393.81715416908264,-199.0536458492279,28.740910380462385,-0.0019422142329858616,15.405722713470459,0.8120068073272705,0.002872865478275344,-210.3151745274663,27.742976451114185,2.0,,
532000,396.68843817710876,-206.69143915176392,27.937974144336145,-0.0026923457538941876,13.9614727973938,0.7988922595977783,0.0020291656892368337,-210.3151745274663,27.742976451114185,2.0,,
536000,399.56448435783386,-200.59362864494324,35.47563387979442,-0.004021023667883128,16.322739696502687,0.7887246310710907,0.0005550776371819665,-210.3151745274663,27.742976451114185,2.0,,
540000,402.4339528083801,-200.60412096977234,36.97655462544593,-0.002324983139988035,12.321236515045166,0.7290135025978088,0.0005340448144124821,-210.3151745274663,27.742976451114185,2.0,,
544000,405.2993047237396,-198.6354365348816,33.058879261842165,-0.002239859991823323,10.769240283966065,0.7657972693443298,0.0021640417879098097,-210.3151745274663,27.742976451114185,2.0,,
548000,408.16719484329224,-200.15113353729248,35.766862003546066,-0.0026393649401143192,14.400103759765624,0.8002505362033844,0.0010508353458135388,-210.3151745274663,27.742976451114185,2.0,,
552000,411.02570128440857,-206.61399936676025,35.68219020617978,-0.0020829275167670858,18.150458335876465,0.8254763603210449,0.0035854260728228836,-210.3151745274663,27.742976451114185,2.0,,
556000,413.89183473587036,-200.0405354499817,36.062353684415456,-0.002317775042320136,20.550948905944825,0.8385633409023285,0.0016193828445466353,-210.3151745274663,27.742976451114185,2.0,,
560000,416.75252509117126,-201.65720987319946,36.29601332883766,-0.0015999883842596318,12.563829898834229,0.8265021622180939,0.0020162787637673318,-210.3151745274663,27.742976451114185,2.0,,
564000,420.68796038627625,-207.2752616405487,41.72225329654554,-0.002125947814784013,15.961660575866699,0.7683656394481659,0.002265329408692196,-207.59473967552185,34.80087605002691,2.0,,
568000,423.5529763698578,-215.81722903251648,39.37821648946281,-0.0015085080434801058,13.527429962158203,0.7702668130397796,0.0012657434839638882,-207.59473967552185,34.80087605002691,2.0,,
572000,426.39797019958496,-206.8193724155426,32.3211756400148,-0.002472247381956549,12.725776386260986,0.7908568203449249,0.002313297007640358,-207.59473967552185,34.80087605002691,2.0,,
576000,429.2658052444458,-212.9658920764923,31.974683166791802,-0.0021584000351140276,10.749445724487305,0.7529655337333679,0.003027877936256118,-207.59473967552185,34.80087605002691,2.0,,
580000,432.1213984489441,-211.14861035346985,30.750054454032774,-0.0011597411899856524,14.222286987304688,0.7853244364261627,0.0015457694616998197,-207.59473967552185,34.80087605002691,2.0,,
584000,434.9645195007324,-212.41137051582336,30.97502780842498,-0.0018225845618871973,12.509436416625977,0.8309437453746795,0.0024598587173386478,-207.59473967552185,34.80087605002691,2.0,,
588000,437.84776973724365,-210.72034788131714,34.48453711806508,-0.00321056735701859,14.285167026519776,0.8270946562290191,0.0024758499173913153,-207.59473967552185,34.80087605002691,2.0,,
592000,440.72659635543823,-226.5903503894806,32.53141850005716,-0.002212828939082101,15.053919124603272,0.7631437003612518,0.0021345332279452123,-207.59473967552185,34.80087605002691,2.0,,
596000,443.59396171569824,-210.27665972709656,38.23155139541739,-0.002410040225367993,14.206491470336914,0.8535440981388092,0.002663215302163735,-207.59473967552185,34.80087605002691,2.0,,
600000,446.4632713794708,-206.28988671302795,34.186343219335726,-0.003854696871712804,13.069078159332275,0.883208042383194,0.0028587888344191017,-207.59473967552185,34.80087605002691,2.0,,
604000,450.40599489212036,-207.92405438423157,32.283105484771234,-0.00200144761147385,13.114125823974609,0.8602149546146393,0.002145324685261585,-212.98305521905422,37.687030217684,2.0,,
608000,453.2810845375061,-207.4945559501648,30.61120152952187,-0.0028087816725019367,16.27898187637329,0.8219223856925965,0.002958444700925611,-212.98305521905422,37.687030217684,2.0,,
612000,456.1598389148712,-210.63776993751526,42.66789195012421,-0.0018702215416851685,21.018041801452636,0.829308295249939,0.0027275425803964027,-212.98305521905422,37.687030217684,2.0,,
616000,459.03159189224243,-205.4479112625122,39.1126872993007,-0.0033778801589505747,16.26328401565552,0.84000044465065,0.003367896444979124,-212.98305521905422,37.687030217684,2.0,,
620000,461.9072914123535,-206.02608489990234,35.206130004854984,-0.002883646814734675,15.944495010375977,0.8508540451526642,0.002706620329990983,-212.98305521905422,37.687030217684,2.0,,
624000,464.7684316635132,-205.81168913841248,28.754297962482006,-0.002585869439644739,10.71760425567627,0.8067167341709137,0.0037383058341220023,-212.98305521905422,37.687030217684,2.0,,
628000,467.6416256427765,-201.2322061061859,25.923772358325863,-0.0035925848576880528,9.702650308609009,0.7851220726966858,0.003099810623098165,-212.98305521905422,37.687030217684,2.0,,
632000,470.5093731880188,-211.52686834335327,38.05398342942441,-0.0030112896172795446,12.383036422729493,0.7952294528484345,0.0032605564323603176,-212.98305521905422,37.687030217684,2.0,,
636000,473.365700006485,-205.0314748287201,34.44287165873068,-0.0023546847543912007,12.211958599090575,0.7577468812465668,0.0024727251315198374,-212.98305521905422,37.687030217684,2.0,,
640000,476.2322578430176,-208.36948037147522,28.923170271136645,-0.0033345054176606936,11.862107467651366,0.809969013929367,0.0006484468496637419,-212.98305521905422,37.687030217684,2.0,,
644000,480.16367268562317,-210.4464147090912,34.2159356646197,-0.0016155476332642138,16.305027294158936,0.7806164503097535,0.0015228957097860984,-207.29194744676352,36.614990032088095,2.0,,
648000,483.0245735645294,-205.28617334365845,23.15481434141779,-0.003234137374238344,12.342778587341309,0.7686516344547272,0.0029911594348959623,-207.29194744676352,36.614990032088095,2.0,,
652000,485.88979506492615,-208.68138146400452,33.9840180433741,-0.0006812516585341655,14.73665256500244,0.7280325174331665,0.000808432511985302,-207.29194744676352,36.614990032088095,2.0,,
656000,488.75655221939087,-211.90916061401367,32.33762535072015,-0.00231122518889606,11.653621864318847,0.8104289054870606,0.0018313626991584898,-207.29194744676352,36.614990032088095,2.0,,
660000,491.6270925998688,-203.74690055847168,28.84292390292138,-0.0027618497755611316,11.724725437164306,0.7612191438674927,0.0035290539381094277,-207.29194744676352,36.614990032088095,2.0,,
664000,494.4959981441498,-210.98004794120789,36.689577993858535,-0.0010830215112946461,10.265969848632812,0.7370475709438324,0.001551422832562821,-207.29194744676352,36.614990032088095,2.0,,
668000,497.3570337295532,-210.95612812042236,34.642053555792806,-0.000542023668094771,10.768137454986572,0.7333580195903778,0.0018451701616868377,-207.29194744676352,36.614990032088095,2.0,,
672000,500.23496198654175,-216.72082781791687,41.27164604912401,-0.002631823801175415,11.564620971679688,0.7523901462554932,0.0030289303365862,-207.29194744676352,36.614990032088095,2.0,,
676000,503.09238386154175,-221.09634280204773,43.083901004001525,-0.001933373513747938,15.592387771606445,0.7519511461257935,0.0017520362365758047,-207.29194744676352,36.614990032088095,2.0,,
680000,505.9352216720581,-206.60906171798706,38.22773528428204,-0.0025739121687365697,12.278543281555176,0.781720757484436,0.0016010165610396143,-207.29194744676352,36.614990032088095,2.0,,
684000,509.8754119873047,-208.8673791885376,32.87742070195658,-0.0011840031496831217,17.663033962249756,0.7581258475780487,0.0006161327910376713,-217.23189255595207,32.019284360542315,2.0,,
688000,512.7497580051422,-203.029061794281,32.95437307002439,-0.0004773605331138242,10.275090837478638,0.7603026390075683,0.0015357081952970474,-217.23189255595207,32.019284360542315,2.0,,
692000,515.6160550117493,-205.06847262382507,34.78793556756847,-0.0025760412550880573,12.411909103393555,0.7390668332576752,0.0016714126686565578,-217.23189255595207,32.019284360542315,2.0,,
696000,518.4803612232208,-205.53867554664612,30.63881326815612,-0.0025077503189095294,12.984192180633546,0.7438383877277375,0.001340918709502148,-217.23189255595207,32.019284360542315,2.0,,
700000,521.339674949646,-206.77608704566956,37.802064591040754,-0.002321646326163318,20.32191696166992,0.8126720488071442,0.002254742258810438,-217.23189255595207,32.019284360542315,2.0,,
704000,524.2042350769043,-206.68786787986755,31.893401201689322,-0.0017663973158050794,9.030558252334595,0.8009868025779724,0.0018147092345316197,-217.23189255595207,32.019284360542315,2.0,,
708000,527.0653409957886,-204.13040113449097,32.151396043151536,-0.0037557103714789264,9.704676246643066,0.7503338813781738,0.0026815684570465235,-217.23189255595207,32.019284360542315,2.0,,
712000,529.9290192127228,-204.70927548408508,31.029340003551003,-0.0021496388973901047,14.003533935546875,0.7671861410140991,0.0031609223457053303,-217.23189255595207,32.019284360542315,2.0,,
716000,532.7906060218811,-207.42956972122192,28.390303772401275,-0.0033261319214943795,9.926439571380616,0.7165830194950104,0.0024934369372203945,-217.23189255595207,32.019284360542315,2.0,,
720000,535.6378543376923,-208.26052963733673,36.8817664165976,-0.00260834667715244,9.660430955886842,0.7264797508716583,0.0017538360931212082,-217.23189255595207,32.019284360542315,2.0,,
724000,539.5665857791901,-197.16664934158325,27.22708370460818,-0.0033014727363479325,10.199198484420776,0.7559788823127747,0.005922607879620045,-205.35045993328094,31.41120476510823,2.0,,
728000,542.4176800251007,-201.08547234535217,24.66947780172085,-0.0019706414255779236,18.633253955841063,0.7703177690505981,0.0015885087008427946,-205.35045993328094,31.41120476510823,2.0,,
732000,545.2773535251617,-209.19047129154205,31.71034734675877,-0.003962930991110625,11.24372148513794,0.7404824912548065,0.0029765798593871296,-205.35045993328094,31.41120476510823,2.0,,
736000,548.1412150859833,-195.38413619995117,31.149155260318462,-0.002774613015935756,14.808795166015624,0.7685002207756042,0.001314605030347593,-205.35045993328094,31.41120476510823,2.0,,
740000,551.00412774086,-190.77666091918945,31.88155584261144,-0.004380128689808771,9.322970962524414,0.7656782925128937,0.0033491744659841062,-205.35045993328094,31.41120476510823,2.0,,
744000,553.8656551837921,-200.9652361869812,32.68877702628245,-0.002588143979664892,11.923538303375244,0.740528655052185,0.0017725245503243058,-205.35045993328094,31.41120476510823,2.0,,
748000,556.7256813049316,-205.59387063980103,40.577232543500955,-0.001417804419179447,23.771270751953125,0.7520199716091156,0.0006606878218008205,-205.35045993328094,31.41120476510823,2.0,,
752000,559.5884039402008,-205.6830017566681,32.90523874021611,-0.0023502816329710186,13.196899700164796,0.7243350207805633,0.001525169238448143,-205.35045993328094,31.41120476510823,2.0,,
756000,562.4295563697815,-197.74432277679443,30.808948631108926,-0.0018957035001221812,10.935165214538575,0.7397943794727325,0.0004853145059314556,-205.35045993328094,31.41120476510823,2.0,,
760000,565.2868504524231,-198.9771921634674,31.27789142460991,-0.003002859962725779,21.467490196228027,0.7777783036231994,0.0014275067835114897,-205.35045993328094,31.41120476510823,2.0,,
764000,569.2281255722046,-196.19875288009644,32.05213168827686,-0.0016111708173411898,12.856884765625,0.7388670682907105,0.000364341186650563,-207.86912321299314,40.55329382389411,2.0,,
768000,572.1053783893585,-201.17879843711853,33.07011174297758,-0.0034715711371973157,12.362614631652832,0.7060581862926483,0.0017342564358841627,-207.86912321299314,40.55329382389411,2.0,,
772000,574.9882957935333,-198.3628339767456,31.61702316374436,-0.0023087974084774034,14.3822660446167,0.763257497549057,0.0020498900645179673,-207.86912321299314,40.55329382389411,2.0,,
776000,577.8566210269928,-195.6900817155838,33.18106835839064,-0.00260616280756949,12.385437870025635,0.7005632758140564,0.004454908985644579,-207.86912321299314,40.55329382389411,2.0,,
780000,580.7295217514038,-197.1349334716797,36.02496654009165,-0.0024667464940648642,19.424749183654786,0.7665781259536744,0.0023120857833418993,-207.86912321299314,40.55329382389411,2.0,,
784000,583.6070427894592,-198.41723656654358,31.2402977417361,-0.002995742714847438,12.96178741455078,0.7221907854080201,0.002743120535160415,-207.86912321299314,40.55329382389411,2.0,,
788000,586.4558284282684,-193.73802089691162,29.958388145659384,-0.0029680596111575142,14.247331714630127,0.6970189332962036,0.0021568870870396495,-207.86912321299314,40.55329382389411,2.0,,
792000,589.3102540969849,-206.32789945602417,33.15920746870833,-0.003075520544371102,17.81325054168701,0.6882379651069641,0.0031447529516299257,-207.86912321299314,40.55329382389411,2.0,,
796000,592.1771924495697,-199.2996027469635,38.37045725444714,-0.0022318300761980936,19.520708656311037,0.6983063101768494,0.0017816866326029412,-207.86912321299314,40.55329382389411,2.0,,
800000,595.03147149086,-200.90169525146484,31.03842937108402,-0.0033722727093845606,11.21249885559082,0.6402880370616912,0.001555171751533635,-207.86912321299314,40.55329382389411,2.0,,
804000,598.9634780883789,-204.938316822052,32.64934467658962,-0.0033537586830789225,10.327396678924561,0.5989285945892334,0.004235356824938208,-213.22250519692898,35.28983257617653,2.0,,
808000,601.834780216217,-200.17619371414185,32.39356127465307,-0.0020018188646645286,14.900787448883056,0.6387285828590393,0.0023307705094339328,-213.22250519692898,35.28983257617653,2.0,,
812000,604.6634624004364,-208.63928151130676,35.550566631008756,-0.0019751368978177196,14.677030467987061,0.6277256906032562,0.0016131835989654064,-213.22250519692898,35.28983257617653,2.0,,
816000,607.5091931819916,-204.93153619766235,35.04488597559622,-0.0012933071004226804,12.240996932983398,0.6494199872016907,0.0013544324741815218,-213.22250519692898,35.28983257617653,2.0,,
820000,610.3708727359772,-210.52209448814392,27.659899887607647,-0.0018775100688799284,13.213797092437744,0.6898847818374634,0.0032183628180064263,-213.22250519692898,35.28983257617653,2.0,,
824000,613.2462537288666,-199.5211181640625,31.4774949030357,-0.0028172065707622097,14.407003688812257,0.7729960501194,0.002328207224491052,-213.22250519692898,35.28983257617653,2.0,,
828000,616.1226572990417,-193.90379977226257,37.51822000594786,-0.002052043109029,13.743889045715331,0.7292054235935211,0.001798097911523655,-213.22250519692898,35.28983257617653,2.0,,
832000,618.9816694259644,-202.72081768512726,36.55703852056282,-0.0020073372172191737,17.181449222564698,0.7591041266918183,0.0020771121133293493,-213.22250519692898,35.28983257617653,2.0,,
836000,621.8681738376617,-200.94537782669067,28.480294711444273,-0.003009099807241,10.45375075340271,0.717555022239685,0.0027677077741827816,-213.22250519692898,35.28983257617653,2.0,,
840000,624.7262899875641,-197.50165915489197,30.409752118216325,-0.0027173532896995313,13.070992851257325,0.7633545160293579,0.002876709325937554,-213.22250519692898,35.28983257617653,2.0,,
844000,628.6715338230133,-199.3128216266632,31.32488296381978,-0.0025949607937945985,17.48663215637207,0.7484220683574676,0.0031156526427366773,-200.9755761474371,27.973484909826443,2.0,,
848000,631.5474209785461,-202.13123178482056,32.853313054892645,-0.0020611211963114328,12.97789649963379,0.6972416043281555,0.0029032505874056367,-200.9755761474371,27.973484909826443,2.0,,
852000,634.4183957576752,-199.57789707183838,31.00571229802974,-0.0013299354293849319,14.524022388458253,0.7202623188495636,0.0023497423724620605,-200.9755761474371,27.973484909826443,2.0,,
856000,637.2516946792603,-199.78628766536713,32.459977800319315,-0.004047496052226052,10.023604106903075,0.7608243584632873,0.002348002963117324,-200.9755761474371,27.973484909826443,2.0,,
860000,640.0781092643738,-193.85269403457642,27.18732056341338,-0.0020921517887472875,12.22926025390625,0.7473832428455353,0.001177420270141738,-200.9755761474371,27.973484909826443,2.0,,
864000,642.9459278583527,-195.1564838886261,34.5864218092094,-0.0033878853864734992,14.074714183807373,0.7480967044830322,0.003574304422363639,-200.9755761474371,27.973484909826443,2.0,,
868000,645.7729768753052,-203.53727293014526,35.531578688529365,-0.0017789392606914589,13.455701351165771,0.7233307778835296,0.0016932243015617132,-200.9755761474371,27.973484909826443,2.0,,
872000,648.599634885788,-203.6840615272522,32.367584215688034,-0.003476449650770519,10.489396476745606,0.7427660226821899,0.004011805991467554,-200.9755761474371,27.973484909826443,2.0,,
876000,651.4779145717621,-206.6352767944336,29.977015094222452,-0.001976258865033742,12.725146484375,0.7377904295921326,0.002057988685555756,-200.9755761474371,27.973484909826443,2.0,,
880000,654.3380389213562,-199.21265757083893,31.04432527379748,-0.00220121275378915,12.51832389831543,0.7389525234699249,0.0024275392817799,-200.9755761474371,27.973484909826443,2.0,,
884000,658.2973954677582,-200.29199123382568,35.33464348970656,0.00013572200696216897,12.13785228729248,0.7872494101524353,0.0027671921212458982,-196.86395923793316,31.231327178786845,2.0,,
888000,661.1785383224487,-191.5632209777832,27.160486624941672,-0.0029318884917302057,11.946227931976319,0.7807843685150146,0.002848046927829273,-196.86395923793316,31.231327178786845,2.0,,
892000,664.0433466434479,-192.02393341064453,31.4976442681551,-0.0027115360644529574,15.420474529266357,0.7917221844196319,0.0015252701046847505,-196.86395923793316,31.231327178786845,2.0,,
896000,666.9269089698792,-200.77925276756287,32.2795635252922,-0.002230890456121415,12.363685798645019,0.7944777607917786,0.001897674796055071,-196.86395923793316,31.231327178786845,2.0,,
900000,669.8107604980469,-191.03686380386353,31.918069701131973,-0.0018580684394692072,14.77861442565918,0.7911297142505646,0.0029087925329804422,-196.86395923793316,31.231327178786845,2.0,,
904000,672.6896405220032,-210.09959149360657,33.439534427906665,-0.002553290423020371,17.19574737548828,0.779026311635971,0.0024041324853897096,-196.86395923793316,31.231327178786845,2.0,,
908000,675.5636804103851,-204.5682327747345,33.635068964754936,-0.0014691408308863175,14.864868927001954,0.7770889163017273,0.0030376845446880908,-196.86395923793316,31.231327178786845,2.0,,
912000,678.4167912006378,-198.28580701351166,30.32078520916345,-0.0024961322982562707,9.232268047332763,0.761662608385086,0.001732900331262499,-196.86395923793316,31.231327178786845,2.0,,
916000,681.3055262565613,-199.23912155628204,29.676212135999247,-0.0024908552865326784,11.658660316467286,0.7614382207393646,0.0017852552176918835,-196.86395923793316,31.231327178786845,2.0,,
920000,684.1866862773895,-199.01062679290771,31.0099670714167,-0.0021093803021358325,15.563448429107666,0.7710749506950378,0.0018041358256596141,-196.86395923793316,31.231327178786845,2.0,,
924000,688.1474690437317,-203.82052183151245,35.12316550814006,-0.002862443230696954,16.26473684310913,0.7635977089405059,0.002355634237756021,-195.94869035482407,28.599791318666806,2.0,,
928000,691.027391910553,-199.61551642417908,36.720520521564815,-0.002340270666172728,19.473184013366698,0.7596003234386444,0.0017484233918366953,-195.94869035482407,28.599791318666806,2.0,,
932000,693.9124231338501,-194.9110825061798,36.266903204302615,-0.002147006435188814,18.164809799194337,0.7757989883422851,0.0025398422287253196,-195.94869035482407,28.599791318666806,2.0,,
936000,696.7866594791412,-197.52842926979065,31.77127902217672,-0.002807346497866092,12.005518436431885,0.8069680213928223,0.0017641483325860463,-195.94869035482407,28.599791318666806,2.0,,
940000,699.6507892608643,-192.93839073181152,29.13318998950334,-0.002515214249433484,10.524675178527833,0.7696800410747529,0.002893365515046753,-195.94869035482407,28.599791318666806,2.0,,
944000,702.5255501270294,-193.88194584846497,23.46140887503907,-0.0023985539337445516,12.642749214172364,0.7609920799732208,0.0014177522825775668,-195.94869035482407,28.599791318666806,2.0,,
948000,705.4018790721893,-200.91128706932068,36.32512808330495,-0.003664054028922692,8.442312240600586,0.7701776564121247,0.0013419265058473683,-195.94869035482407,28.599791318666806,2.0,,
952000,708.2881991863251,-200.08452367782593,30.78352097483976,-0.002849970285751624,11.74731149673462,0.7145622491836547,0.0021889745345106348,-195.94869035482407,28.599791318666806,2.0,,
956000,711.1696653366089,-203.65217876434326,36.15844914293632,-0.003169793213601224,12.470186328887939,0.7273489117622376,0.002943875534401741,-195.94869035482407,28.599791318666806,2.0,,
960000,714.0457441806793,-195.2165251970291,38.2353445154078,-0.00318854266370181,11.419356727600098,0.7014223396778106,0.0021074634452816097,-195.94869035482407,28.599791318666806,2.0,,
964000,717.9797296524048,-202.25885605812073,33.73464941595496,-0.002150415965297725,10.796886444091797,0.6556890130043029,0.001986256943200715,-203.6555559337139,27.74651055887788,2.0,,
968000,720.8570265769958,-202.13194298744202,34.81805367016819,-0.0015469769001356325,12.722777175903321,0.692133492231369,0.0009714485735457856,-203.6555559337139,27.74651055887788,2.0,,
972000,723.7303056716919,-196.59793901443481,31.348970593748135,-0.002862071685376577,8.834959411621094,0.6668197393417359,0.0033408981340471654,-203.6555559337139,27.74651055887788,2.0,,
976000,726.6019420623779,-197.7031878232956,34.315241572974486,-0.002980904240394011,11.386703777313233,0.7030479371547699,0.0021073867013910786,-203.6555559337139,27.74651055887788,2.0,,
980000,729.4795522689819,-203.71593856811523,26.886843704950703,-0.0022433093846302653,12.176927089691162,0.6728962182998657,0.004049224860500545,-203.6555559337139,27.74651055887788,2.0,,
984000,732.3580980300903,-202.9748454093933,30.712352058824855,-0.0015999269693566021,10.951600933074952,0.6311086177825928,0.0031734644435346127,-203.6555559337139,27.74651055887788,2.0,,
988000,735.2149615287781,-195.94654083251953,28.471192303682507,-0.0031249921732523942,12.765252208709716,0.637127423286438,0.004483052279101685,-203.6555559337139,27.74651055887788,2.0,,
992000,738.0840899944305,-194.56943321228027,23.82726258433711,-0.0012604414074303349,11.92643985748291,0.6032409012317658,0.002026541643681412,-203.6555559337139,27.74651055887788,2.0,,
996000,740.9630115032196,-209.96916460990906,43.33572276041554,-0.002209063336340478,11.25328187942505,0.5662470817565918,0.0012350958117167466,-203.6555559337139,27.74651055887788,2.0,,
1000000,743.8222224712372,-200.0004986524582,31.4551118416089,-0.003587607608642429,8.408445072174072,0.6091407775878906,0.00428900584083749,-203.6555559337139,27.74651055887788,2.0,,
1004000,747.7669878005981,-196.83067953586578,32.355792236199626,-0.002180077910588807,9.861576414108276,0.6260526776313782,0.0018233152175525901,-196.91264122724533,33.08296220141915,2.0,,
1008000,750.6184253692627,-200.89075899124146,33.555955472917184,-0.0024224060820415617,11.31081657409668,0.6699284970760345,0.0028264208405744283,-196.91264122724533,33.08296220141915,2.0,,
1012000,753.4864158630371,-191.42063283920288,32.29087519018096,-0.0020362662704428657,12.656992149353027,0.6152184903621674,0.0028489696735050528,-196.91264122724533,33.08296220141915,2.0,,
1016000,756.3559732437134,-197.66869831085205,29.82626608455197,-0.0013587894583906746,11.732900714874267,0.5886134684085846,0.002259470488934312,-196.91264122724533,33.08296220141915,2.0,,
1020000,759.2260582447052,-194.1405792236328,35.385090548958814,-0.0017024294735165312,16.72612581253052,0.6173019528388977,0.003010367200477049,-196.91264122724533,33.08296220141915,2.0,,
1024000,762.0942814350128,-199.0126941204071,30.381190278610678,-0.0014597028151911219,9.478494834899902,0.5971918165683746,0.003178753921019961,-196.91264122724533,33.08296220141915,2.0,,
1028000,764.9637110233307,-198.0515023469925,33.81928288877938,-0.0021288077099598014,12.163150119781495,0.5541937232017518,0.003382280806545168,-196.91264122724533,33.08296220141915,2.0,,
1032000,767.8359198570251,-201.34144949913025,31.837142874519067,-0.0024286488129291683,11.426047325134277,0.5688925385475159,0.002626626190613024,-196.91264122724533,33.08296220141915,2.0,,
1036000,770.7147302627563,-196.62443113327026,33.17495698756427,-0.0028563317013322377,9.46280016899109,0.5695023357868194,0.003046433205599897,-196.91264122724533,33.08296220141915,2.0,,
1040000,773.5641734600067,-193.8457682132721,33.707941413343754,-0.0014172413371852598,12.984470081329345,0.6328270316123963,0.0017079862926038913,-196.91264122724533,33.08296220141915,2.0,,
1044000,777.5076127052307,-192.82692170143127,25.916194649743527,-0.00356704765727045,10.739294719696044,0.6143144845962525,0.003908293988206424,-196.60744086652994,35.0987426733231,2.0,,
1048000,780.3770859241486,-200.17325353622437,23.790244774653093,-0.0031416497426107527,6.931055212020874,0.6654565572738648,0.0018270669505000114,-196.60744086652994,35.0987426733231,2.0,,
1052000,783.2420551776886,-199.87113988399506,33.78561113646508,-0.0021816712047439068,11.189788055419921,0.6715199232101441,0.0010109883951372467,-196.60744086652994,35.0987426733231,2.0,,
1056000,786.1090190410614,-196.03093719482422,29.151291749906573,-0.0023651313473237678,7.23223352432251,0.6751825630664825,0.0002889304829295725,-196.60744086652994,35.0987426733231,2.0,,
1060000,789.0028393268585,-197.72728538513184,33.020357907817996,-0.0014042851093108767,16.028134250640868,0.7238982260227204,0.001524873227754142,-196.60744086652994,35.0987426733231,2.0,,
1064000,791.865992307663,-206.87021803855896,35.13286587971161,-0.0018921661052445416,14.536410427093506,0.6966023862361908,0.0007461247660103254,-196.60744086652994,35.0987426733231,2.0,,
1068000,794.7354710102081,-194.50742149353027,25.826514898988567,-0.002952732576522976,10.266032028198243,0.7211812138557434,0.002272248748340644,-196.60744086652994,35.0987426733231,2.0,,
1072000,797.598345041275,-197.618062376976,37.39274748886922,-0.003086578715010546,12.538162136077881,0.7536974728107453,0.003264264682366047,-196.60744086652994,35.0987426733231,2.0,,
1076000,800.4735698699951,-198.26502406597137,32.700202601109474,-0.003240841001388617,14.35453290939331,0.7198591113090516,0.0026416408145450987,-196.60744086652994,35.0987426733231,2.0,,
1080000,803.3459770679474,-199.90338909626007,34.9667540034756,-0.0026542474603047594,15.787158203125,0.7333270251750946,0.0019372197304619477,-196.60744086652994,35.0987426733231,2.0,,
1084000,807.2838785648346,-194.911670088768,35.21980891709955,-0.002849547100777272,13.165945625305175,0.7317263305187225,0.0035734977645915933,-199.2023124396801,29.098456493813675,2.0,,
1088000,810.1503405570984,-206.1931574344635,33.4739243839175,-0.0028580130463524258,9.878378534317017,0.6842809319496155,0.0017850230564363302,-199.2023124396801,29.098456493813675,2.0,,
1092000,813.0010876655579,-201.3758146762848,36.80827007785038,-0.002675272434134968,12.421946334838868,0.7187229812145233,0.0020764353714184834,-199.2023124396801,29.098456493813675,2.0,,
1096000,815.8216850757599,-196.69846510887146,34.29616776834992,-0.0016650240795570426,14.124932956695556,0.7249070227146148,0.0012892533635749715,-199.2023124396801,29.098456493813675,2.0,,
1100000,818.6853034496307,-195.87975406646729,30.209503181236293,-0.0025244860793463887,9.775473356246948,0.7040271699428559,0.002027830109727802,-199.2023124396801,29.098456493813675,2.0,,
1104000,821.5479338169098,-198.86824011802673,34.40984421690171,-0.0025523673040879656,13.054240417480468,0.7676029562950134,0.002014522027457133,-199.2023124396801,29.098456493813675,2.0,,
1108000,824.4114923477173,-192.13353633880615,30.824498815543855,-0.0038367131346603855,14.786441326141357,0.7682709991931915,0.003786492260405794,-199.2023124396801,29.098456493813675,2.0,,
1112000,827.28590965271,-198.1077754497528,30.88789505811675,-0.0009284603806008817,13.16924352645874,0.7488094747066498,0.0014875887762173079,-199.2023124396801,29.098456493813675,2.0,,
1116000,830.1581645011902,-194.228533744812,32.687721220239084,-0.0020452177654078697,13.119826889038086,0.712356960773468,0.00186649406387005,-199.2023124396801,29.098456493813675,2.0,,
1120000,833.032457113266,-192.8202142715454,29.71473244900766,-0.0029248439870571017,11.272623252868652,0.7366972088813781,0.003731531684024958,-199.2023124396801,29.098456493813675,2.0,,
1124000,836.972309589386,-202.27392268180847,28.764482229991604,-0.0035910197693738155,10.008407878875733,0.750432425737381,0.005417571446741931,-199.58281812816858,28.408133201780853,2.0,,
1128000,839.8427395820618,-201.55377745628357,38.91824313191508,-0.0011333361886499914,17.469554710388184,0.7422049582004547,0.0008052351589867612,-199.58281812816858,28.408133201780853,2.0,,
1132000,842.7037572860718,-202.42231953144073,30.305616008444876,-0.0028042936675774397,13.395479679107666,0.7702252984046936,0.0018753057869616897,-199.58281812816858,28.408133201780853,2.0,,
1136000,845.5868623256683,-199.17696952819824,29.95006662286438,-0.002434280004817957,10.8705810546875,0.7476796507835388,0.0013632372243591816,-199.58281812816858,28.408133201780853,2.0,,
1140000,848.4565246105194,-197.0766134262085,29.005514563173115,-0.0030667052167700605,15.568072605133057,0.7814408063888549,0.002420194636579254,-199.58281812816858,28.408133201780853,2.0,,
1144000,851.3547039031982,-198.3923122882843,34.76375048017134,-0.002376668444048846,10.526638793945313,0.7232105910778046,0.0023980368074262514,-199.58281812816858,28.408133201780853,2.0,,
1148000,854.2454965114594,-187.9180302619934,30.503367522425442,-0.0031564015604089945,8.833119010925293,0.8069723069667816,0.00278933894878719,-199.58281812816858,28.408133201780853,2.0,,
1152000,857.139906167984,-198.36868238449097,30.535161457471318,-0.0020763710750543395,11.44772720336914,0.7928831696510314,0.001560358316055499,-199.58281812816858,28.408133201780853,2.0,,
1156000,860.0248830318451,-194.98289465904236,33.28454577147282,-0.002232947098673321,13.249946594238281,0.7963586866855621,0.0017486750672105699,-199.58281812816858,28.408133201780853,2.0,,
1160000,862.9075009822845,-199.44412779808044,36.68355679995871,-0.0029430249327560888,15.115774250030517,0.767593252658844,0.004030982335098088,-199.58281812816858,28.408133201780853,2.0,,
1164000,866.8706676959991,-199.4156882762909,30.685850433798283,-0.00223214525349249,12.711023902893066,0.7697111546993256,0.0014906955679180101,-195.800446100533,32.29721017240645,2.0,,
1168000,869.7806372642517,-199.69414591789246,29.343405827559007,-0.002267878224665765,19.894024467468263,0.7977053344249725,0.002611623055418022,-195.800446100533,32.29721017240645,2.0,,
1172000,872.6672432422638,-197.28001618385315,32.924859362286085,-0.003373588901013136,9.998345470428466,0.7854738414287568,0.0018966428280691617,-195.800446100533,32.29721017240645,2.0,,
1176000,875.5619351863861,-198.40846133232117,28.44883387680718,-0.0027992132541839964,13.395372104644775,0.7930321991443634,0.00343142467099824,-195.800446100533,32.29721017240645,2.0,,
1180000,878.4318380355835,-199.0047471523285,28.402509952687147,-0.0017378701595589519,12.158183288574218,0.7616852402687073,0.0014964518748456612,-195.800446100533,32.29721017240645,2.0,,
1184000,881.323469877243,-198.016446352005,29.305014240048678,-0.002258562983479351,12.971472454071044,0.76780965924263,0.004076198348775506,-195.800446100533,32.29721017240645,2.0,,
1188000,884.220456123352,-197.3134754896164,33.07089344643752,-0.002795503653760534,14.569025802612305,0.7958476960659027,0.0027715980308130384,-195.800446100533,32.29721017240645,2.0,,
1192000,887.1200997829437,-197.05758237838745,28.01747051847689,-0.0017092530284571693,16.903864097595214,0.8170829832553863,0.0017447920687118311,-195.800446100533,32.29721017240645,2.0,,
1196000,889.9898936748505,-192.08093404769897,33.26017189065914,-0.002354343721526675,16.305416679382326,0.8201722621917724,0.00294319770509901,-195.800446100533,32.29721017240645,2.0,,
1200000,892.8785779476166,-194.21365880966187,29.89955741709062,-0.001883618382998975,20.790142631530763,0.8377040803432465,0.0010043790069175884,-195.800446100533,32.29721017240645,2.0,,
1204000,896.8253109455109,-188.2909198999405,32.82234913822608,-0.0036214838532032446,27.969331169128417,0.8436868190765381,0.0024783741566352544,-199.73214992135763,32.95240291173838,2.0,,
1208000,899.690226316452,-193.94396257400513,27.37508279728922,-0.001697081478778273,15.944353199005127,0.7987913846969604,0.0010065216367365793,-199.73214992135763,32.95240291173838,2.0,,
1212000,902.5662615299225,-194.59342646598816,36.29264958930006,-0.0022320483840303496,19.033805465698244,0.8047907888889313,0.0018597650203446392,-199.73214992135763,32.95240291173838,2.0,,
1216000,905.4703168869019,-192.69821953773499,29.94168203476721,-0.0023698131743003616,18.497809600830077,0.7680596709251404,0.001515693560941145,-199.73214992135763,32.95240291173838,2.0,,
1220000,908.3630731105804,-195.18029880523682,35.89802307834654,-0.0024342348304344343,18.363502025604248,0.7310519814491272,0.0014647862903075294,-199.73214992135763,32.95240291173838,2.0,,
1224000,911.2221608161926,-198.11426782608032,30.57444419781563,-0.0032479164758115074,14.689057159423829,0.724327278137207,0.0018439129969920031,-199.73214992135763,32.95240291173838,2.0,,
1228000,914.1074833869934,-200.78657054901123,31.406838973018257,-0.0006921182284713723,28.53969039916992,0.7565833985805511,0.0006202192460477817,-199.73214992135763,32.95240291173838,2.0,,
1232000,917.0050718784332,-188.40729570388794,31.23318391687762,-0.0022802646992204243,19.007616996765137,0.7585179269313812,0.0017334941279841588,-199.73214992135763,32.95240291173838,2.0,,
1236000,919.9005994796753,-191.45158863067627,30.00950977680618,-0.0022442922671871202,18.532585620880127,0.7331005454063415,0.0011880347068654374,-199.73214992135763,32.95240291173838,2.0,,
1240000,922.7918589115143,-187.89314937591553,24.749311802605927,-0.0027523120785190257,22.01058864593506,0.7682859897613525,0.0006016908751917072,-199.73214992135763,32.95240291173838,2.0,,
1244000,926.771378993988,-192.88246035575867,37.15247339637676,-0.0025739991717273368,26.598682975769044,0.7802258312702179,0.0011950038438953924,-203.90684336423874,35.91835599945941,2.0,,
1248000,929.6686820983887,-193.3285549879074,31.498555563366562,-0.0027089878443803173,22.814755058288576,0.7874241650104523,0.0021410868386738,-203.90684336423874,35.91835599945941,2.0,,
1252000,932.5719313621521,-184.8926099538803,24.76961141137837,-0.002519939774220603,22.21808605194092,0.8056675910949707,0.001210098884803301,-203.90684336423874,35.91835599945941,2.0,,
1256000,935.4700093269348,-194.50860333442688,35.24405525044465,-0.002515076428244356,21.444108772277833,0.7947492957115173,0.003586020400689449,-203.90684336423874,35.91835599945941,2.0,,
1260000,938.3665537834167,-193.22528505325317,33.56643343814943,-0.0016591876852544373,18.222639942169188,0.7907105684280396,0.0031631396093871446,-203.90684336423874,35.91835599945941,2.0,,
1264000,941.2473683357239,-194.10390043258667,30.25003442476611,-0.0022920688868907748,23.39484920501709,0.8288648784160614,0.0030142712290398776,-203.90684336423874,35.91835599945941,2.0,,
1268000,944.1270518302917,-197.82506942749023,31.991202672588685,-0.002610057692800183,24.543749809265137,0.8143554985523224,0.0030611459631472828,-203.90684336423874,35.91835599945941,2.0,,
1272000,947.0318048000336,-194.31217181682587,34.35345673325263,-0.002914454629353713,15.72557954788208,0.8389656841754913,0.002695177872374188,-203.90684336423874,35.91835599945941,2.0,,
1276000,949.9274258613586,-201.7375202178955,33.0704516241395,-0.003238828723260667,22.582307052612304,0.8231594026088714,0.0022304405516479163,-203.90684336423874,35.91835599945941,2.0,,
1280000,952.8186821937561,-210.80994319915771,31.68895962468518,-0.001590171389398165,16.147800064086915,0.8268557727336884,0.001941445787088014,-203.90684336423874,35.91835599945941,2.0,,
1284000,956.8064815998077,-204.19650864601135,36.937439850866426,-0.0017161440748168389,20.244641304016113,0.7707152366638184,0.0014622476082877256,-204.1480524763465,34.80149328420831,2.0,,
1288000,959.7120018005371,-202.91190147399902,31.535142838945788,-0.002877576021273853,13.786624717712403,0.7713925004005432,0.0025790250336285682,-204.1480524763465,34.80149328420831,2.0,,
1292000,962.5711815357208,-208.0772361755371,37.16759612897135,-0.002031609424011549,17.312792778015137,0.7596329510211944,0.0013524990703444929,-204.1480524763465,34.80149328420831,2.0,,
1296000,965.4445762634277,-207.00775718688965,34.96493506840123,-0.0022148359350467215,16.800207710266115,0.7580861449241638,0.0025905613496433944,-204.1480524763465,34.80149328420831,2.0,,
1300000,968.3251678943634,-211.80944061279297,32.88599645616839,-0.003072665686704568,16.597086429595947,0.8246802031993866,0.0026290967492968776,-204.1480524763465,34.80149328420831,2.0,,
1304000,971.199437379837,-210.89256596565247,28.851337924012498,-0.0032021028659073637,15.129760646820069,0.8164584875106812,0.0025796668669499923,-204.1480524763465,34.80149328420831,2.0,,
1308000,974.07923579216,-213.98092651367188,43.385391718537115,-0.0027569065273382876,21.258110427856444,0.7800101995468139,0.0061732023779768495,-204.1480524763465,34.80149328420831,2.0,,
1312000,976.9709620475769,-210.2827684879303,34.81950713221055,-0.0020324101773439907,22.034826278686523,0.805180025100708,0.003352386438928079,-204.1480524763465,34.80149328420831,2.0,,
1316000,979.8408708572388,-211.07321858406067,36.352495196260776,-0.00178499462781474,15.093079090118408,0.7563214123249054,0.0012598522938787938,-204.1480524763465,34.80149328420831,2.0,,
1320000,982.7368381023407,-218.24719738960266,31.32638259599537,-0.0033583244628971444,15.211101245880126,0.7913947403430939,0.0022113055558293125,-204.1480524763465,34.80149328420831,2.0,,
1324000,986.6956698894501,-209.08610200881958,33.33704842710249,-0.0026560014084680006,13.376680660247803,0.8008085727691651,0.0018717759392529842,-211.124976888299,35.56429705512488,2.0,,
1328000,989.5770235061646,-210.12254643440247,38.16608768323539,-0.0021113958391651977,15.493512058258057,0.7578422129154205,0.0013858308491762727,-211.124976888299,35.56429705512488,2.0,,
1332000,992.432843208313,-204.41316413879395,34.56186419488641,-0.0013686354635865428,11.386439514160156,0.7403265833854675,0.0016616989334579558,-211.124976888299,35.56429705512488,2.0,,
1336000,995.2979271411896,-200.114399433136,33.61466018004138,-0.0019327746529597789,19.101552295684815,0.7771576344966888,0.0018068660946482852,-211.124976888299,35.56429705512488,2.0,,
1340000,998.1996266841888,-204.2584159374237,36.82028290822356,-0.001814732828643173,23.473657608032227,0.7864910423755646,0.00024995429848786446,-211.124976888299,35.56429705512488,2.0,,
1344000,1001.0960762500763,-208.38692831993103,32.676392094089366,-0.0029309460733202286,20.12069911956787,0.7803616046905517,0.0033240879041841255,-211.124976888299,35.56429705512488,2.0,,
1348000,1003.982236623764,-209.18455231189728,38.121716323477514,-0.0019048757185373688,17.72777032852173,0.7747690260410309,0.000721449262346141,-211.124976888299,35.56429705512488,2.0,,
1352000,1006.8219792842865,-202.04816222190857,34.37644351378416,-0.0025665978435426952,21.465831184387206,0.8145272552967071,0.0007795314595568925,-211.124976888299,35.56429705512488,2.0,,
1356000,1009.7088558673859,-192.11712765693665,25.0442311362548,-0.003372844228579197,15.999606227874756,0.795611560344696,0.002726718250778504,-211.124976888299,35.56429705512488,2.0,,
1360000,1012.5991463661194,-200.8666868209839,27.87999793317135,-0.002274562287129811,13.906873416900634,0.7949284613132477,0.002228629148157779,-211.124976888299,35.56429705512488,2.0,,
1364000,1016.5593748092651,-203.88442182540894,35.64180799257425,-0.002723975811386481,22.495646476745605,0.8095661044120789,0.0030566870904294775,-199.0401128679514,25.04936300375245,2.0,,
1368000,1019.4384636878967,-200.26229906082153,36.50864721848428,-0.0024614182212644663,17.678114795684813,0.8264715313911438,0.0020644377305870875,-199.0401128679514,25.04936300375245,2.0,,
1372000,1022.3264744281769,-204.3262197971344,36.7501811866147,-0.0034472972707590087,15.532606983184815,0.8290515661239624,0.0017747436140780337,-199.0401128679514,25.04936300375245,2.0,,
1376000,1025.2127466201782,-212.43343305587769,34.317953087505224,-0.0021529615129111334,18.720351696014404,0.7979134678840637,0.0019879871309967712,-199.0401128679514,25.04936300375245,2.0,,
1380000,1028.0900361537933,-200.08052039146423,30.65676566991066,-0.0036333976953756065,15.667219161987305,0.7934743523597717,0.002719050497398712,-199.0401128679514,25.04936300375245,2.0,,
1384000,1030.9738528728485,-201.7108826637268,36.443370722826614,-0.0021841059060534462,13.874490356445312,0.7440131187438965,0.0020050361476023682,-199.0401128679514,25.04936300375245,2.0,,
1388000,1033.8882784843445,-206.30508995056152,27.57484467593537,-0.0025374969380209224,14.940989875793457,0.7505156755447387,0.001952269374669413,-199.0401128679514,25.04936300375245,2.0,,
1392000,1036.7886679172516,-206.16605389118195,34.03175956094827,-0.0014819640146015445,20.43597831726074,0.7367632210254669,0.0012790334702003747,-199.0401128679514,25.04936300375245,2.0,,
1396000,1039.6634562015533,-201.01418566703796,37.540508767727474,-0.002472275253967382,11.84876365661621,0.6994612812995911,0.0040693717077374455,-199.0401128679514,25.04936300375245,2.0,,
1400000,1042.5138227939606,-199.3119910955429,31.00992641045705,-0.002660299441049574,11.305915355682373,0.7047255873680115,0.00195630327652907,-199.0401128679514,25.04936300375245,2.0,,
1404000,1046.4715399742126,-196.851411819458,31.709549424655126,-0.0028109085556934587,11.69034833908081,0.6964922964572906,0.0020900123345199972,-202.46530976891518,33.83919236194533,2.0,,
1408000,1049.350853919983,-197.94001007080078,40.923357299685605,-0.0036750306462636217,18.430342292785646,0.7363231122493744,0.0026857532175199594,-202.46530976891518,33.83919236194533,2.0,,
1412000,1052.2164838314056,-188.7994966506958,32.21362913615358,-0.0029019396315561607,12.957044506072998,0.7137607872486115,0.002399652061285451,-202.46530976891518,33.83919236194533,2.0,,
1416000,1055.0681002140045,-192.41590249538422,28.677102888501338,-0.003404778947151499,14.588033962249757,0.6722755193710327,0.0014402496846741997,-202.46530976891518,33.83919236194533,2.0,,
1420000,1057.9370987415314,-202.40572452545166,31.92281516326933,-0.0030538312406861224,19.34824390411377,0.6892017722129822,0.0021012154596974143,-202.46530976891518,33.83919236194533,2.0,,
1424000,1060.7967326641083,-201.35355472564697,33.14846973579859,-0.003144663460261654,13.144827270507813,0.6679100215435028,0.001730479154502973,-202.46530976891518,33.83919236194533,2.0,,
1428000,1063.690686225891,-204.82120037078857,39.3776631133715,-0.001621953407448018,15.690002155303954,0.658535486459732,0.0004138800195732983,-202.46530976891518,33.83919236194533,2.0,,
1432000,1066.541094303131,-205.51377081871033,34.99459340834644,-0.0005087146601908899,17.752614974975586,0.626915979385376,0.0,-202.46530976891518,33.83919236194533,2.0,,
1436000,1069.4211068153381,-201.75788497924805,36.80520900270007,-0.003026785748807015,20.269993400573732,0.6447747409343719,0.002217560192337942,-202.46530976891518,33.83919236194533,2.0,,
1440000,1072.278482913971,-209.06939911842346,37.74993376728029,-0.0013282110488944455,17.71742362976074,0.6717795252799987,0.0012646581373701338,-202.46530976891518,33.83919236194533,2.0,,
1444000,1076.2075908184052,-199.94395899772644,30.929511123444726,-0.0021106223168317227,14.593320178985596,0.6715400815010071,0.00089376607502345,-202.18693552911282,28.18408389411137,2.0,,
1448000,1079.0769515037537,-202.97386050224304,35.08577795111513,-0.0029129337541235144,12.438667011260986,0.6968739748001098,0.0017603684165806044,-202.18693552911282,28.18408389411137,2.0,,
1452000,1081.9487082958221,-199.22903966903687,26.677287789197834,-0.003386502511875733,8.187734174728394,0.7309229910373688,0.0017182129115099088,-202.18693552911282,28.18408389411137,2.0,,
1456000,1084.8152091503143,-197.98641872406006,37.12984045152162,-0.0012908245174912737,13.921071624755859,0.666397500038147,0.0009024861588841304,-202.18693552911282,28.18408389411137,2.0,,
1460000,1087.695368528366,-205.97730016708374,40.186333828263905,-0.0010062386108074862,19.315005779266357,0.646467387676239,0.0008923600980779156,-202.18693552911282,28.18408389411137,2.0,,
1464000,1090.5783786773682,-213.31982254981995,36.95280613700869,-0.002438295626780018,13.741191291809082,0.6019738376140594,0.0016113454912556335,-202.18693552911282,28.18408389411137,2.0,,
1468000,1093.4454982280731,-201.73436415195465,34.7614055200689,-0.002981918500699976,8.682769203186036,0.6598652005195618,0.0010010514190071263,-202.18693552911282,28.18408389411137,2.0,,
1472000,1096.3275787830353,-206.0742233991623,35.37815846165317,-0.0023729233595076948,13.405345916748047,0.618224459886551,0.002432827398803283,-202.18693552911282,28.18408389411137,2.0,,
1476000,1099.2074754238129,-206.41372156143188,32.74740267598431,-0.002554447323200293,11.521130847930909,0.6044471263885498,0.0014864483338897117,-202.18693552911282,28.18408389411137,2.0,,
1480000,1102.0811183452606,-196.25022113323212,29.830882209647235,-0.0032469812697968337,10.982995891571045,0.5943410634994507,0.00411800023575779,-202.18693552911282,28.18408389411137,2.0,,
1484000,1106.0271301269531,-207.35401225090027,40.95390423191943,-0.002693135147274006,14.10251522064209,0.5653257369995117,0.003401900560129434,-210.95491480827332,33.307599821934645,2.0,,
1488000,1108.896407842636,-196.05848598480225,26.0789750699815,-0.0018862466888094787,12.07537899017334,0.5800327479839325,0.0006366655009742317,-210.95491480827332,33.307599821934645,2.0,,
1492000,1111.7639236450195,-208.83657908439636,32.682136508258665,-0.0023526310360466596,10.991170406341553,0.5856077134609222,0.0026517862803302704,-210.95491480827332,33.307599821934645,2.0,,
1496000,1114.6317946910858,-213.76224040985107,40.737599488170446,-0.0023698700359091164,18.36985549926758,0.5803358495235443,0.0025445603321713863,-210.95491480827332,33.307599821934645,2.0,,
1500000,1117.4569003582,-206.70008325576782,35.7894507287651,-0.0028861325117759407,11.35568971633911,0.5463192343711853,0.00138985638768645,-210.95491480827332,33.307599821934645,2.0,,
1504000,1120.3199784755707,-210.89069724082947,35.69989332049346,-0.0020375763830088544,16.54884452819824,0.5679454326629638,7.524495085817762e-05,-210.95491480827332,33.307599821934645,2.0,,
1508000,1123.1883034706116,-199.1459093093872,42.520648257188,-0.0020665499818278477,12.566017532348633,0.6014860272407532,0.0017757095465640305,-210.95491480827332,33.307599821934645,2.0,,
1512000,1126.0175466537476,-203.45445823669434,30.665845080140905,-0.0025370658506290054,12.060638046264648,0.5729328989982605,0.0021394756564404815,-210.95491480827332,33.307599821934645,2.0,,
1516000,1128.9023296833038,-204.24207377433777,33.526852395989046,-0.0015924177692795637,14.205329132080077,0.6177362442016602,0.0030243523011449724,-210.95491480827332,33.307599821934645,2.0,,
1520000,1131.7805235385895,-204.3640100955963,30.64968330908059,-0.002215845961472951,11.443639659881592,0.5855363786220551,0.002659954153932631,-210.95491480827332,33.307599821934645,2.0,,
1524000,1135.713528394699,-195.21130347251892,38.23210510778508,-0.000596049223713635,14.769878673553468,0.5855320870876313,0.0011245445333770477,-205.83219826221466,38.11997139255258,2.0,,
1528000,1138.588757276535,-200.02606058120728,29.43781824348183,-0.00252375239142566,14.46743688583374,0.6072234094142914,0.0013532246084650978,-205.83219826221466,38.11997139255258,2.0,,
1532000,1141.4680836200714,-198.29294896125793,31.54622985717084,-0.002877398207783699,18.145385551452637,0.6499403297901154,0.0028760345514456274,-205.83219826221466,38.11997139255258,2.0,,
1536000,1144.3595192432404,-190.8914258480072,28.9796438759138,-0.002110928514593979,19.727854347229005,0.6279503285884858,0.0021739893010817466,-205.83219826221466,38.11997139255258,2.0,,
1540000,1147.2396669387817,-201.71698474884033,30.142160866938674,-0.003865501788095571,18.630471420288085,0.6193270564079285,0.004506077318364987,-205.83219826221466,38.11997139255258,2.0,,
1544000,1150.11883187294,-196.41984605789185,33.56488170167926,-0.001478910986406845,20.936952590942383,0.6193646192550659,0.0030564268847228957,-205.83219826221466,38.11997139255258,2.0,,
1548000,1152.9866275787354,-201.44424843788147,32.28553331413003,-0.001924936465366045,26.499853515625,0.6533915817737579,0.0016142756518092937,-205.83219826221466,38.11997139255258,2.0,,
1552000,1155.8677260875702,-209.53641319274902,37.2815168423301,-0.0014018108457094058,20.553017807006835,0.5824361026287079,0.0016526588442502543,-205.83219826221466,38.11997139255258,2.0,,
1556000,1158.7550113201141,-197.45902371406555,34.65116704893687,-0.002990257071724045,16.57303705215454,0.612694388628006,0.00208953840774484,-205.83219826221466,38.11997139255258,2.0,,
1560000,1161.6590995788574,-194.88654828071594,33.36843397489052,-0.002368767552252393,17.499469375610353,0.6097991824150085,0.0010575500993581955,-205.83219826221466,38.11997139255258,2.0,,
1564000,1165.6478233337402,-194.38260889053345,24.28243726069835,-0.0036783650852157735,19.61397190093994,0.6305784285068512,0.0022592455919948407,-194.79100967943668,23.984756650661048,2.0,,
1568000,1168.512267589569,-196.1928367614746,37.540622109188504,-0.002261330914552673,20.21127643585205,0.5839699804782867,0.002935395322856493,-194.79100967943668,23.984756650661048,2.0,,
1572000,1171.3941831588745,-190.3729306459427,35.432818456001534,-0.0035266174847492946,15.20060110092163,0.5895510077476501,0.001979236921761185,-194.79100967943668,23.984756650661048,2.0,,
1576000,1174.2667829990387,-196.625581741333,33.52423684042272,-0.002253396771266125,16.84259614944458,0.6118033111095429,0.0012112059615901672,-194.79100967943668,23.984756650661048,2.0,,
1580000,1177.1434564590454,-198.2880129814148,32.27237444704965,-0.0030510072683682665,10.55320701599121,0.5445198774337768,0.002523727624065941,-194.79100967943668,23.984756650661048,2.0,,
1584000,1180.014523267746,-204.03731036186218,29.297659208425006,-0.002822891932737548,11.740627193450928,0.5750179171562195,0.0037155226484173907,-194.79100967943668,23.984756650661048,2.0,,
1588000,1182.8968060016632,-192.82156538963318,34.541342300044136,-0.0030928946165659,14.401101207733154,0.577854061126709,0.0025605141941923647,-194.79100967943668,23.984756650661048,2.0,,
1592000,1185.76367521286,-205.5620822906494,38.457002582523785,-0.001344234830867208,15.308990383148194,0.5608781099319458,0.0012606151460204274,-194.79100967943668,23.984756650661048,2.0,,
1596000,1188.6205134391785,-196.0610499382019,29.391340035184275,-0.0024385411208641015,14.252855110168458,0.5900017499923706,0.0016014148364774882,-194.79100967943668,23.984756650661048,2.0,,
1600000,1191.472894668579,-191.73495721817017,30.157692393523448,-0.0019261221546912565,14.662116718292236,0.5980072259902954,0.0013588252098998056,-194.79100967943668,23.984756650661048,2.0,,
1604000,1195.429006576538,-201.2573163509369,35.681006620858845,-0.003477592396666296,16.529191493988037,0.6533871829509735,0.0022809108093497345,-198.87505772709846,25.00959771979244,2.0,,
1608000,1198.3237054347992,-195.58628153800964,31.91850154019143,-0.003117820853549347,17.004296588897706,0.6327510416507721,0.0018681510526221245,-198.87505772709846,25.00959771979244,2.0,,
1612000,1201.1621613502502,-190.36478900909424,32.56770690955384,-0.002725034162722295,13.038554000854493,0.6189965963363647,0.0018659611378097907,-198.87505772709846,25.00959771979244,2.0,,
1616000,1204.0495278835297,-198.2946434020996,30.989975423169096,-0.002381475453876192,12.91229772567749,0.6285329759120941,0.0010817407484864817,-198.87505772709846,25.00959771979244,2.0,,
1620000,1206.924192905426,-203.46231126785278,28.715692433094265,-0.0024180644499892877,14.0010591506958,0.6221476554870605,0.0019500224610965234,-198.87505772709846,25.00959771979244,2.0,,
1624000,1209.8094375133514,-191.517835855484,36.012112484038305,-0.0023102002822270153,17.737215518951416,0.6341767609119415,0.0019880860345438123,-198.87505772709846,25.00959771979244,2.0,,
1628000,1212.7024936676025,-198.22095251083374,29.75750292478202,-0.003199525145464577,17.50626335144043,0.6273482859134674,0.001918528076748771,-198.87505772709846,25.00959771979244,2.0,,
1632000,1215.4685788154602,-197.12826585769653,40.19879866719235,-0.0023080413840943946,9.846272230148315,0.5897378623485565,0.0008707705295819323,-198.87505772709846,25.00959771979244,2.0,,
1636000,1218.362387895584,-195.72470903396606,33.36251601476833,-0.0030992329412583785,14.028350639343262,0.6017256259918213,0.0014303804491646588,-198.87505772709846,25.00959771979244,2.0,,
1640000,1221.2365016937256,-197.11134910583496,38.367705571324784,-0.0028661915472184773,17.959075832366942,0.597900664806366,0.0006457705894717947,-198.87505772709846,25.00959771979244,2.0,,
1644000,1225.1829016208649,-190.95582103729248,35.90096015804557,-0.002938313956474303,8.655942487716676,0.5996293962001801,0.0015157102781813592,-200.03226744383574,29.76895468564556,2.0,,
1648000,1228.0777578353882,-192.6533224582672,33.49754496891795,-0.004572656971868127,22.164352798461913,0.6331848204135895,0.004631517454981804,-200.03226744383574,29.76895468564556,2.0,,
1652000,1230.9853422641754,-190.5796639919281,31.676044227006294,-0.0036650491105319817,15.433248901367188,0.5903712093830109,0.0031280619383323937,-200.03226744383574,29.76895468564556,2.0,,
1656000,1233.9044110774994,-194.2650306224823,27.557060611260844,-0.0023352489835815502,13.83582944869995,0.5997194886207581,0.0016636266154819168,-200.03226744383574,29.76895468564556,2.0,,
1660000,1236.7911989688873,-193.03241610527039,26.400341159352255,-0.001385709916939959,16.053048515319823,0.5827374398708344,0.0020331036968855186,-200.03226744383574,29.76895468564556,2.0,,
1664000,1239.6942965984344,-197.8908634185791,33.50973005791992,-0.0029454108196659947,16.30958471298218,0.6350581169128418,0.0006180908836540766,-200.03226744383574,29.76895468564556,2.0,,
1668000,1242.6296424865723,-191.02048707008362,29.95436833468976,-0.002775663437205367,23.733436393737794,0.6414104700088501,0.0020050451705174053,-200.03226744383574,29.76895468564556,2.0,,
1672000,1245.5338797569275,-199.05014145374298,32.698551525571304,-0.0023498343410665256,20.861303901672365,0.6569835543632507,0.0009238221115083434,-200.03226744383574,29.76895468564556,2.0,,
1676000,1248.4295666217804,-198.40925073623657,32.03429088866913,-0.003929900543880649,13.893705081939697,0.6291170954704285,0.0032448706595459955,-200.03226744383574,29.76895468564556,2.0,,
1680000,1251.3160858154297,-194.34921860694885,26.597186665640066,-0.0023837479793655802,11.049857234954834,0.6205394566059113,0.0016839418123709038,-200.03226744383574,29.76895468564556,2.0,,
1684000,1255.257252216339,-196.770024061203,35.764423601376826,-0.0026852174248233494,14.270654678344727,0.6618625164031983,0.0016957979358267039,-200.93582368642092,33.700424619920035,2.0,,
1688000,1258.1385326385498,-201.87189149856567,32.697339694612594,-0.0027479138789203716,13.799262619018554,0.6067573666572571,0.0011412041235871583,-200.93582368642092,33.700424619920035,2.0,,
1692000,1261.0316710472107,-195.89725947380066,36.176110431249164,-0.0026790266740135847,16.5715989112854,0.6833243489265441,0.0018707013274251948,-200.93582368642092,33.700424619920035,2.0,,
1696000,1263.9355299472809,-181.60002434253693,31.452125710862276,-0.002576982055325061,14.981220817565918,0.6327944099903107,0.0025555167288985104,-200.93582368642092,33.700424619920035,2.0,,
1700000,1266.8293216228485,-190.8985425233841,30.39106333839348,-0.003916386335913557,16.402910137176512,0.6660316765308381,0.0016774110408732668,-200.93582368642092,33.700424619920035,2.0,,
1704000,1269.7430379390717,-200.82838010787964,31.292146463887576,-0.0035778132449195256,12.16287841796875,0.633968299627304,0.002208029279427137,-200.93582368642092,33.700424619920035,2.0,,
1708000,1272.5086431503296,-199.0054154396057,38.9339142773496,-0.002845547978358809,14.916205501556396,0.6283274710178375,0.004492650332394987,-200.93582368642092,33.700424619920035,2.0,,
1712000,1275.4236419200897,-188.7793618440628,29.469188795552373,-0.002788666728883982,11.962146854400634,0.6946843206882477,0.0016933266273554183,-200.93582368642092,33.700424619920035,2.0,,
1716000,1278.300276517868,-195.08058667182922,33.19007340119496,-0.004105690545111429,14.152841186523437,0.6821866452693939,0.0037052427273010836,-200.93582368642092,33.700424619920035,2.0,,
1720000,1281.0184297561646,-188.40788960456848,32.14679110480359,-0.0026479466068849433,18.174065685272218,0.7189619481563568,0.0011707009594829287,-200.93582368642092,33.700424619920035,2.0,,
1724000,1284.9722440242767,-188.28974318504333,35.98454896545722,-0.0018936783906610799,12.339837837219239,0.6789250075817108,0.0018284909630892799,-199.09002266824245,26.97411618282762,2.0,,
1728000,1287.869624376297,-192.65119874477386,34.44463487714828,-0.002924287039786577,21.55903205871582,0.7051084458827972,0.001407491386635229,-199.09002266824245,26.97411618282762,2.0,,
1732000,1290.7863039970398,-201.5493335723877,30.22496826922442,-0.001984599025308853,17.061391639709473,0.643985253572464,0.001962315189302899,-199.09002266824245,26.97411618282762,2.0,,
1736000,1293.691329717636,-193.65134739875793,32.324794810507406,-0.0027487520186696202,8.576358413696289,0.6376550257205963,0.0022673993415082807,-199.09002266824245,26.97411618282762,2.0,,
1740000,1296.5956201553345,-193.96994996070862,36.47360565439493,-0.003948262715130113,12.135268211364746,0.610639464855194,0.0026490332755201964,-199.09002266824245,26.97411618282762,2.0,,
1744000,1299.5162193775177,-192.2140371799469,33.50740118527383,-0.0028237568098120392,16.513428592681883,0.6176383852958679,0.002043969288934022,-199.09002266824245,26.97411618282762,2.0,,
1748000,1302.368501663208,-184.9059145450592,27.616726311939455,-0.003121420139359543,19.412915992736817,0.6056960701942444,0.002374264262471115,-199.09002266824245,26.97411618282762,2.0,,
1752000,1305.2502636909485,-202.68163514137268,28.76987615152372,-0.0024597706382337493,15.093407535552979,0.6399994194507599,0.002430557124898769,-199.09002266824245,26.97411618282762,2.0,,
1756000,1308.1598961353302,-195.91762828826904,34.2030755804574,-0.00233811623766087,16.24242172241211,0.6348974108695984,0.0018139312363928185,-199.09002266824245,26.97411618282762,2.0,,
1760000,1311.0697934627533,-195.86163020133972,32.18241923765779,-0.002429337006469723,14.099457836151123,0.6430549681186676,0.001777782757562818,-199.09002266824245,26.97411618282762,2.0,,
1764000,1315.074627161026,-194.40586185455322,34.25469543544374,-0.0021031997632235287,14.936846160888672,0.6629275858402253,0.0015879277911153623,-199.6865925192833,28.207214816363255,2.0,,
1768000,1317.983422279358,-196.18534767627716,40.77498657666303,-0.002413285546208499,17.402028846740723,0.6125941514968872,0.002641446248162538,-199.6865925192833,28.207214816363255,2.0,,
1772000,1320.890237569809,-187.77605974674225,33.59309820459384,-0.00221832182869548,15.963879299163818,0.6113761186599731,0.002873739998904057,-199.6865925192833,28.207214816363255,2.0,,
1776000,1323.7952678203583,-192.61081528663635,30.515844299646076,-0.0038026701688067986,16.458800506591796,0.6175227463245392,0.0031708855705801396,-199.6865925192833,28.207214816363255,2.0,,
1780000,1326.6836259365082,-193.90341579914093,31.30497102325079,-0.004488505818881094,12.50601282119751,0.6574528872966766,0.0035831797431455925,-199.6865925192833,28.207214816363255,2.0,,
1784000,1329.5777378082275,-200.6369755268097,30.574784150079207,-0.002366434081568514,13.275425624847411,0.6307187736034393,0.0008811739367956761,-199.6865925192833,28.207214816363255,2.0,,
1788000,1332.4407668113708,-196.1189169883728,29.5245449277159,-0.003156367276642413,14.651148223876953,0.6704695820808411,0.0014861643183394335,-199.6865925192833,28.207214816363255,2.0,,
1792000,1335.3342006206512,-196.0340769290924,33.9247067633834,-0.003101517755203531,11.408277988433838,0.6322958528995514,0.0018550722539657726,-199.6865925192833,28.207214816363255,2.0,,
1796000,1338.2225959300995,-200.01438283920288,32.08941080810509,-0.002494436838605907,12.438876914978028,0.6193177342414856,0.00118934394158714,-199.6865925192833,28.207214816363255,2.0,,
1800000,1341.1011743545532,-199.03099489212036,31.23850672631701,-0.0016164764769200702,17.698772048950197,0.6535188972949981,0.0016140987529070117,-199.6865925192833,28.207214816363255,2.0,,
1804000,1345.0943853855133,-196.55161929130554,34.15659807341469,-0.0024937968846643344,16.618846321105956,0.5982462465763092,0.0006316671307899924,-198.6564303934574,27.491715669626664,2.0,,
1808000,1347.9948558807373,-195.90031576156616,34.6077425795995,-0.00130584199068835,17.533203506469725,0.6243008852005005,0.00047126125427894295,-198.6564303934574,27.491715669626664,2.0,,
1812000,1350.88112783432,-195.95566308498383,33.10869114463755,-0.003162754625554953,20.919358444213866,0.6292660593986511,0.0015593028365401551,-198.6564303934574,27.491715669626664,2.0,,
1816000,1353.798096895218,-201.38361763954163,35.562678912405254,-0.0034872026604716665,12.335873889923096,0.6320414483547211,0.0025479203584836798,-198.6564303934574,27.491715669626664,2.0,,
1820000,1356.7765982151031,-187.2072741985321,25.936043027883404,-0.0034590411298268007,15.137907218933105,0.6215605020523072,0.0026568987203063445,-198.6564303934574,27.491715669626664,2.0,,
1824000,1359.713383436203,-194.16602957248688,30.113689408730846,-0.0041405534466321114,16.454726791381837,0.5782171726226807,0.0018273035355377942,-198.6564303934574,27.491715669626664,2.0,,
1828000,1362.6132597923279,-207.2474024295807,38.656890671918056,-0.0034439596536685714,14.27963924407959,0.582191812992096,0.002549247634851781,-198.6564303934574,27.491715669626664,2.0,,
1832000,1365.527834892273,-198.44538116455078,40.42526682889802,-0.0029811381420586256,16.50592622756958,0.5399189531803131,0.0018427149872877635,-198.6564303934574,27.491715669626664,2.0,,
1836000,1368.409737110138,-205.8043761253357,40.58094911494311,-0.002389731555012986,17.8891713142395,0.5629293978214264,0.00109539600671269,-198.6564303934574,27.491715669626664,2.0,,
1840000,1371.2363321781158,-200.08426523208618,34.47372832596151,-0.0015464606884052045,21.51791763305664,0.5436893463134765,0.0011160277354065329,-198.6564303934574,27.491715669626664,2.0,,
1844000,1375.215159893036,-204.53176760673523,33.03984514420621,-0.002720515120017808,15.468360328674317,0.5650543093681335,0.0013548173374147154,-200.4759056419134,30.535254195930623,2.0,,
1848000,1378.1188867092133,-194.0535386800766,35.026366892637455,-0.0024836085620336236,14.749071216583252,0.5771609544754028,0.0023300628406559554,-200.4759056419134,30.535254195930623,2.0,,
1852000,1381.0205540657043,-203.38812899589539,28.946187608630247,-0.003312914233538322,14.861396026611327,0.5801546394824981,0.002303214142739307,-200.4759056419134,30.535254195930623,2.0,,
1856000,1383.891242980957,-199.01063561439514,36.974923488701144,-0.0030230634496547283,13.436943531036377,0.6208826243877411,0.002753595630201744,-200.4759056419134,30.535254195930623,2.0,,
1860000,1386.77463555336,-190.94984984397888,30.778353161880432,-0.001494452451606776,11.872891712188721,0.6101273477077485,0.002138601115439087,-200.4759056419134,30.535254195930623,2.0,,
1864000,1389.6782593727112,-191.499121427536,27.244756571554984,-0.0026675776149204466,16.76725215911865,0.629077035188675,0.0031180186691926793,-200.4759056419134,30.535254195930623,2.0,,
1868000,1392.5770320892334,-194.2390115261078,39.085623546423435,-0.0032431865634862333,17.555736541748047,0.6344546735286712,0.004207264664000831,-200.4759056419134,30.535254195930623,2.0,,
1872000,1395.4737479686737,-198.00660455226898,28.461552861506426,-0.00288283718546154,13.910749626159667,0.6104249835014344,0.001835505253256997,-200.4759056419134,30.535254195930623,2.0,,
1876000,1398.3836817741394,-198.57752811908722,32.69939545577049,-0.002831750329642091,16.16180181503296,0.6212850511074066,0.0016819523792946712,-200.4759056419134,30.535254195930623,2.0,,
1880000,1401.2528080940247,-200.72187209129333,25.679513175495092,-0.002582286999677308,11.063296794891357,0.6174978792667389,0.0017313978096353821,-200.4759056419134,30.535254195930623,2.0,,
1884000,1405.1763689517975,-202.26987981796265,29.440349196324064,-0.003392466902732849,19.19800148010254,0.627583259344101,0.001879114161420148,-198.94323908537626,34.104763903308054,2.0,,
1888000,1408.0553452968597,-208.98996472358704,32.176353676186864,-0.0031082032335689293,14.123584365844726,0.6220839560031891,0.0017037302095559426,-198.94323908537626,34.104763903308054,2.0,,
1892000,1410.9456017017365,-200.52974104881287,37.938503638966075,-0.001322443053140887,18.74729013442993,0.6101808726787568,0.0011323731421725824,-198.94323908537626,34.104763903308054,2.0,,
1896000,1413.8242635726929,-196.90620756149292,33.15715224548553,-0.0032162960211280732,12.481545639038085,0.5942940711975098,0.0031794223861652425,-198.94323908537626,34.104763903308054,2.0,,
1900000,1416.6996636390686,-213.34883952140808,35.289759117170185,-0.001522898171970155,21.232140350341798,0.5926608920097352,0.000630645005730912,-198.94323908537626,34.104763903308054,2.0,,
1904000,1419.5912606716156,-202.70562195777893,31.918458409109228,-0.0027738042394048535,13.807775020599365,0.6333866119384766,0.0013866120947568562,-198.94323908537626,34.104763903308054,2.0,,
1908000,1422.4787452220917,-210.4580101966858,36.64325244086436,-0.0034647112304810436,11.84732494354248,0.5378097355365753,0.001705729414243251,-198.94323908537626,34.104763903308054,2.0,,
1912000,1425.3740980625153,-206.44983839988708,37.39672971073354,-0.002526161250716541,20.25397663116455,0.6161037802696228,0.0011855289281811564,-198.94323908537626,34.104763903308054,2.0,,
1916000,1428.27015042305,-201.87482070922852,33.94911107799876,-0.0020105262636207046,12.485047721862793,0.558477258682251,0.001600703300209716,-198.94323908537626,34.104763903308054,2.0,,
1920000,1431.1427788734436,-207.41163682937622,33.982045104687074,-0.0026601274839777034,17.04524450302124,0.5838707208633422,0.003314340519864345,-198.94323908537626,34.104763903308054,2.0,,
1924000,1435.076812505722,-199.8217489719391,35.14731871638729,-0.0023976473894435912,11.853031253814697,0.5546587824821472,0.001847456670657266,-205.6485981196165,31.069595964565252,2.0,,
1928000,1437.916980266571,-205.01993036270142,33.9253892997104,-0.00287781226579682,13.701456356048585,0.5417275667190552,0.004208878151257522,-205.6485981196165,31.069595964565252,2.0,,
1932000,1440.7993392944336,-211.30143308639526,34.87181295020611,-0.002062654189649038,16.851396560668945,0.5579179048538208,0.0015387735576950945,-205.6485981196165,31.069595964565252,2.0,,
1936000,1443.6869812011719,-196.55401253700256,26.73553605608572,-0.0017631365248234943,10.494365787506103,0.537449061870575,0.001739270577672869,-205.6485981196165,31.069595964565252,2.0,,
1940000,1446.6008794307709,-210.24193954467773,38.50876957965174,-0.002419134457159089,12.27197437286377,0.584584903717041,0.002546455825358862,-205.6485981196165,31.069595964565252,2.0,,
1944000,1449.494217157364,-198.04715418815613,33.86750829317656,-0.0032292353504089987,22.70528964996338,0.5872319638729095,0.002146406110841781,-205.6485981196165,31.069595964565252,2.0,,
1948000,1452.3816590309143,-197.79165506362915,30.096619476909414,-0.004090417898260057,11.019729614257812,0.5871884942054748,0.0029772421868983654,-205.6485981196165,31.069595964565252,2.0,,
1952000,1455.2632670402527,-192.63598895072937,27.17959861403349,-0.002676063490798697,13.67917251586914,0.5628032565116883,0.001927748613525182,-205.6485981196165,31.069595964565252,2.0,,
1956000,1458.1743788719177,-199.85165333747864,32.659275027648356,-0.001276334981957916,17.81237211227417,0.5719803988933563,0.003794009843841195,-205.6485981196165,31.069595964565252,2.0,,
1960000,1461.0869898796082,-195.3356580734253,34.33092942416657,-0.002360174633213319,17.94425563812256,0.5540603220462799,0.0015788398377480917,-205.6485981196165,31.069595964565252,2.0,,
1964000,1465.0801582336426,-191.08605670928955,29.68511307505789,-0.0027109694070531986,12.763102626800537,0.5544832527637482,0.0028801578930142567,-198.77097123861313,28.009311781187538,2.0,,
1968000,1467.9821302890778,-194.888165473938,37.27679821390417,-0.0029703830819926224,16.614333152770996,0.5564514756202698,0.0025389480229932814,-198.77097123861313,28.009311781187538,2.0,,
1972000,1470.8824663162231,-198.3316674232483,28.86650542059351,-0.0022702200862113387,12.722028446197509,0.5333665788173676,0.0013181917063775472,-198.77097123861313,28.009311781187538,2.0,,
1976000,1473.788093805313,-194.34649002552032,32.0663207317685,-0.0028640304459258913,21.525277519226073,0.5629843056201935,0.0010584077914245426,-198.77097123861313,28.009311781187538,2.0,,
1980000,1476.7157995700836,-194.492249250412,33.383768592824,-0.0019965454717748798,19.2013801574707,0.5793417930603028,0.0028028230590280145,-198.77097123861313,28.009311781187538,2.0,,
1984000,1479.5836596488953,-188.93881273269653,29.32721333654755,-0.00258704307343578,13.24388837814331,0.5629989326000213,0.003059781806950923,-198.77097123861313,28.009311781187538,2.0,,
1988000,1482.4295172691345,-199.06409454345703,37.81001127372164,-0.003694991507290979,18.37678337097168,0.5827841639518738,0.0049191392114153135,-198.77097123861313,28.009311781187538,2.0,,
1992000,1485.2965347766876,-179.17750298976898,32.165707590662215,-0.0013565753091825173,16.84352912902832,0.5654675424098968,0.00012683913810178636,-198.77097123861313,28.009311781187538,2.0,,
1996000,1488.1707601547241,-189.9848564863205,28.731866848249,-0.0028254537988686933,14.157744407653809,0.5513992786407471,0.0013683555313036776,-198.77097123861313,28.009311781187538,2.0,,
2000000,1491.0288062095642,-199.8863079547882,36.276584586509486,-0.0034054065676173196,20.56858558654785,0.5433503925800324,0.0016824985388666392,-198.77097123861313,28.009311781187538,2.0,,
